symbol,expiration,strike,right,lot,dte,undId,undPrice,lo52,hi52,Fall,Rise,Std,loStd,hiStd,optId,optPrice,margin,rom,remqty,expPrice,expRom,qty
ACC,20190627,1220.0,P,400,42,44652144,1554.5,1256.0,1857.45,356.35000000000014,422.9000000000001,112.70488445981114,1329.0902310803776,1892.6146533794335,359167931,0.1,114600.44999999925,0.0030333131119384773,2,23.0,0.6976620157458497,1
AJANTPHAR,20190627,880.0,P,500,42,187395649,1045.2,897.05,1595.0,520.3500000000001,361.04999999999995,70.58216864375913,904.0356627124818,1256.9465059312774,359161113,5.35,609907.5399999991,0.03811565243073375,2,98.5,0.7017554699864065,1
AJANTPHAR,20190627,860.0,P,500,42,187395649,1045.2,897.05,1595.0,520.3500000000001,361.04999999999995,70.58216864375913,904.0356627124818,1256.9465059312774,359161107,3.6,609907.5399999991,0.025647915654325518,2,98.5,0.7017554699864065,1
AJANTPHAR,20190627,840.0,P,500,42,187395649,1045.2,897.05,1595.0,520.3500000000001,361.04999999999995,70.58216864375913,904.0356627124818,1256.9465059312774,359161096,2.35,609907.5399999991,0.016742389385462488,2,98.5,0.7017554699864065,1
ALBK,20190627,32.0,P,13000,42,56988229,42.85,33.15,80.45,30.700000000000003,20.150000000000006,5.250333886255214,32.349332227489576,58.60100165876564,360308450,0.2,113693.68999999948,0.19873783756370475,2,0.5,0.4968445939092617,1
ALBK,20190530,33.0,P,13000,14,56988229,42.85,33.15,80.45,20.60000000000001,18.150000000000006,4.3115118512864425,34.226976297427115,55.78453555385933,355568362,0.05,113693.68999999948,0.14905337817277856,2,0.15,0.44716013451833553,1
ALBK,20190530,32.0,P,13000,14,56988229,42.85,33.15,80.45,20.60000000000001,18.150000000000006,4.3115118512864425,34.226976297427115,55.78453555385933,355568352,0.05,113693.68999999948,0.14905337817277856,2,0.15,0.44716013451833553,1
AMARAJABA,20190627,530.0,P,700,42,113744943,626.5,614.0,908.45,204.4000000000001,197.45000000000005,44.358355315673116,537.7832893686538,759.5750659470193,359169170,0.35,79851.98000000045,0.02666391824807168,1,9.0,0.6856436120932717,1
AMARAJABA,20190627,520.0,P,700,42,113744943,626.5,614.0,908.45,204.4000000000001,197.45000000000005,44.358355315673116,537.7832893686538,759.5750659470193,359169161,0.2,79851.98000000045,0.015236524713183819,1,9.0,0.6856436120932717,1
AMARAJABA,20190530,550.0,P,700,14,113744943,626.5,614.0,908.45,168.35000000000002,168.35000000000002,36.34132746496876,553.8173450700625,735.5239823949063,359169011,0.05,79851.98000000045,0.011427393534887862,1,3.0,0.6856436120932717,1
AMBUJACEM,20190627,185.0,P,2500,42,44652129,209.75,188.35,280.0,57.19999999999999,56.400000000000006,9.91389124825615,189.9222175034877,239.49167374476843,359185520,0.75,97525.19999999925,0.1670813580197014,2,3.0,0.6683254320788056,1
AMBUJACEM,20190627,180.0,P,2500,42,44652129,209.75,188.35,280.0,57.19999999999999,56.400000000000006,9.91389124825615,189.9222175034877,239.49167374476843,359185515,0.4,97525.19999999925,0.08911005761050741,2,3.0,0.6683254320788056,1
AMBUJACEM,20190530,175.0,P,2500,14,44652129,209.75,188.35,280.0,47.44999999999999,46.5,7.032564669482244,195.68487066103552,230.84769400844672,355577905,0.2,97525.19999999925,0.1336650864157611,2,1.0,0.6683254320788056,1
BAJAJ-AUT,20190530,2400.0,P,250,14,56987980,2914.45,2423.4,3468.2,589.4500000000003,488.75,73.90470263348362,2766.6405947330327,3136.1641079004507,355558930,2.2,133507.34999999963,0.10740446660266836,2,14.5,0.7078930753357687,1
BAJAJ-AUT,20190530,2200.0,P,250,14,56987980,2914.45,2423.4,3468.2,589.4500000000003,488.75,73.90470263348362,2766.6405947330327,3136.1641079004507,355558896,1.2,133507.34999999963,0.058584254510546364,2,14.5,0.7078930753357687,2
BAJAJ-AUT,20190530,2150.0,P,250,14,56987980,2914.45,2423.4,3468.2,589.4500000000003,488.75,73.90470263348362,2766.6405947330327,3136.1641079004507,355558891,1.2,133507.34999999963,0.058584254510546364,2,14.5,0.7078930753357687,2
BALKRISIN,20190627,660.0,P,800,42,81899870,795.0,745.0,1453.55,485.44999999999993,439.5999999999999,66.86982717654583,661.2603456469084,995.6094815296375,359223569,1.6,115564.96999999881,0.09625589418497352,2,11.5,0.6918392394544971,1
BALKRISIN,20190530,620.0,P,800,14,81899870,795.0,745.0,1453.55,422.0,295.0,66.86982717654583,661.2603456469084,995.6094815296375,359222915,0.4,115564.96999999881,0.07219192063873013,2,4.0,0.7219192063873014,1
BALKRISIN,20190530,600.0,P,800,14,81899870,795.0,745.0,1453.55,422.0,295.0,66.86982717654583,661.2603456469084,995.6094815296375,359222905,0.3,115564.96999999881,0.0541439404790476,2,4.0,0.7219192063873014,1
BANKBAROD,20190627,85.0,P,4000,42,180222138,107.8,91.05,186.25,66.39999999999999,47.94999999999999,10.45080875753276,86.89838248493447,139.1524262725983,359161690,0.8,83814.29999999888,0.33179927303006984,1,1.5,0.6221236369313808,1
BANKBAROD,20190530,90.0,P,4000,14,180222138,107.8,91.05,186.25,52.599999999999994,43.69999999999999,8.775229658279926,90.24954068344015,134.12568897483976,355551562,1.2,83814.29999999888,1.493096728635314,1,1.7,2.115220365566695,1
BANKBAROD,20190530,85.0,P,4000,14,180222138,107.8,91.05,186.25,52.599999999999994,43.69999999999999,8.775229658279926,90.24954068344015,134.12568897483976,355551552,0.4,83814.29999999888,0.4976989095451048,1,0.5,0.6221236369313808,1
BEL,20190530,71.8,P,6000,14,269577540,89.0,72.5,193.4,42.55000000000001,25.14999999999999,3.9618303850619347,81.07633922987613,100.8854911551858,359503588,0.15,99723.26999999955,0.2352939861908441,2,0.5,0.7843132873028137,1
BEL,20190530,70.0,P,6000,14,269577540,89.0,72.5,193.4,42.55000000000001,25.14999999999999,3.9618303850619347,81.07633922987613,100.8854911551858,359503316,0.15,99723.26999999955,0.2352939861908441,2,0.5,0.7843132873028137,1
BEL,20190530,69.3,P,6000,14,269577540,89.0,72.5,193.4,42.55000000000001,25.14999999999999,3.9618303850619347,81.07633922987613,100.8854911551858,359503581,0.1,99723.26999999955,0.15686265746056277,2,0.5,0.7843132873028137,1
BERGEPAIN,20190530,230.0,P,2200,14,179252695,297.65,232.3,349.25,60.35000000000002,61.64999999999998,12.339287429536926,272.9714251409261,334.66786228861076,355556417,0.95,120927.73000000045,0.45059380271411287,2,1.5,0.7114638990222836,2
BHARTIART,20190627,275.45,P,1851,42,64769335,331.25,277.05,547.35,150.95,75.25,16.216927240633918,298.8161455187322,379.90078172190175,359185833,2.1,110802.16000000015,0.3048744717611999,2,5.0,0.7258915994314284,1
BHARTIART,20190530,275.45,P,1851,14,64769335,331.25,277.05,547.35,102.30000000000001,67.94999999999999,13.368071399307349,304.5138572013853,371.35421419792203,355554843,1.0,110802.16000000015,0.43553495965885697,2,1.5,0.6533024394882856,1
BHARTIART,20190530,270.0,P,1851,14,64769335,331.25,277.05,547.35,102.30000000000001,67.94999999999999,13.368071399307349,304.5138572013853,371.35421419792203,362156146,0.7,110802.16000000015,0.30487447176119986,2,1.5,0.6533024394882856,1
BHEL,20190530,48.0,P,7500,14,95441327,60.6,56.2,107.8,19.099999999999994,16.650000000000006,5.861052701990512,48.877894596018976,78.18315810597153,355573322,0.1,87939.15000000037,0.22235342766641875,3,0.5,1.1117671383320935,1
BOSCHLTD,20190627,15500.0,P,30,42,56988066,17004.85,16629.55,22400.0,4785.950000000001,5100.0,726.7266440926956,15551.396711814607,19185.029932278085,359186376,46.95,92935.5700000003,0.1317099116547698,2,249.5,0.6999280715200227,1
BOSCHLTD,20190530,16000.0,P,30,14,56988066,17004.85,16629.55,22400.0,3074.9500000000007,3794.5,469.0417510017881,16066.766497996423,18411.975253005363,355552009,23.1,92935.5700000003,0.19440887918371771,2,83.0,0.6985254100540507,1
BOSCHLTD,20190530,15750.0,P,30,14,56988066,17004.85,16629.55,22400.0,3074.9500000000007,3794.5,469.0417510017881,16066.766497996423,18411.975253005363,359186177,9.7,92935.5700000003,0.08163489731956979,2,83.0,0.6985254100540507,1
BPCL,20190627,230.0,P,1800,42,44652160,359.55,239.4,542.5,165.6,115.89999999999998,22.939770790054254,313.6704584198915,428.3693123701628,359204449,0.05,120603.40000000037,0.006485247158395656,2,5.5,0.7133771874235223,1
BPCL,20190530,230.0,P,1800,14,44652160,359.55,239.4,542.5,144.29999999999998,80.04999999999995,17.0040678489795,325.541864302041,410.5622035469385,359204313,0.05,120603.40000000037,0.01945574147518697,2,2.0,0.7782296590074788,1
BPCL,20190530,220.0,P,1800,14,44652160,359.55,239.4,542.5,144.29999999999998,80.04999999999995,17.0040678489795,325.541864302041,410.5622035469385,355567688,0.05,120603.40000000037,0.01945574147518697,2,2.0,0.7782296590074788,1
CENTURYTE,20190530,640.0,P,600,14,56985354,895.55,705.65,1471.05,324.9000000000001,190.80000000000007,15.17585111010585,865.1982977797883,941.0775533303175,359226586,0.65,99555.94999999925,0.10213208896964189,2,4.5,0.7070683082513669,1
CENTURYTE,20190530,620.0,P,600,14,56985354,895.55,705.65,1471.05,324.9000000000001,190.80000000000007,15.17585111010585,865.1982977797883,941.0775533303175,359226576,0.85,99555.94999999925,0.1335573471141471,2,4.5,0.7070683082513669,1
CENTURYTE,20190530,600.0,P,600,14,56985354,895.55,705.65,1471.05,324.9000000000001,190.80000000000007,15.17585111010585,865.1982977797883,941.0775533303175,359226571,1.05,99555.94999999925,0.16498260525865227,2,4.5,0.7070683082513669,1
CESC,20190627,590.0,P,550,42,56985359,651.8,622.025,922.875,208.32499999999993,195.35000000000002,27.32041813211463,597.1591637357707,733.7612543963438,359239049,5.45,66473.2899999991,0.391882248959736,3,9.5,0.6830974981866957,1
CESC,20190627,580.0,P,550,42,56985359,651.8,622.025,922.875,208.32499999999993,195.35000000000002,27.32041813211463,597.1591637357707,733.7612543963438,359239043,3.95,66473.2899999991,0.28402474924604726,3,9.5,0.6830974981866957,1
CESC,20190627,570.0,P,550,42,56985359,651.8,622.025,922.875,208.32499999999993,195.35000000000002,27.32041813211463,597.1591637357707,733.7612543963438,359239033,2.8,66473.2899999991,0.20133399946555242,3,9.5,0.6830974981866957,1
CHOLAFIN,20190530,1020.0,P,500,14,56985332,1287.15,1038.0,1760.05,379.0,312.8000000000002,84.31746209350031,1118.5150758129994,1540.102386280501,362046520,0.15,118068.75,0.016561174255314323,2,6.5,0.7176508843969539,1
CHOLAFIN,20190530,1000.0,P,500,14,56985332,1287.15,1038.0,1760.05,379.0,312.8000000000002,84.31746209350031,1118.5150758129994,1540.102386280501,359508446,0.05,118068.75,0.005520391418438108,2,6.5,0.7176508843969539,1
CIPLA,20190530,480.0,P,1000,14,44652139,555.7,483.8,678.4,123.25,105.14999999999998,16.173089300298574,523.3538213994029,604.2192679008958,355566672,1.4,343032.9199999999,0.10640378188775587,2,9.0,0.6840243121355734,1
CIPLA,20190530,475.0,P,1000,14,44652139,555.7,483.8,678.4,123.25,105.14999999999998,16.173089300298574,523.3538213994029,604.2192679008958,359234351,1.25,343032.9199999999,0.09500337668549631,2,9.0,0.6840243121355734,1
CIPLA,20190530,470.0,P,1000,14,44652139,555.7,483.8,678.4,123.25,105.14999999999998,16.173089300298574,523.3538213994029,604.2192679008958,355566667,1.0,343032.9199999999,0.07600270134839705,2,9.0,0.6840243121355734,1
COLPAL,20190530,1000.0,P,700,14,56985419,1120.45,1019.0,1354.75,122.34999999999991,195.45000000000005,49.651905207752385,1021.1461895844952,1269.4057156232573,355568707,0.05,143524.91000000015,0.006357781377462624,1,5.5,0.6993559515208886,1
CONCOR,20190530,430.0,P,1563,14,322790806,476.6,433.675,569.25,77.47499999999997,118.32499999999999,20.52431288386627,435.5513742322675,538.1729386515988,355582883,0.45,135245.38999999873,0.13558568824944392,2,2.5,0.7532538236080216,1
CUMMINSIN,20190627,580.0,P,700,42,56985045,701.05,614.05,984.0,243.14999999999998,217.14999999999998,54.7409969482431,591.5680061035138,865.2729908447293,359178874,0.65,89480.7899999991,0.04419011797578795,3,10.5,0.7138403673011899,1
CUMMINSIN,20190530,560.0,P,700,14,56985045,701.05,614.05,984.0,173.19999999999993,167.95000000000005,20.321303552475012,660.40739289505,762.013910657425,355563818,0.25,89480.7899999991,0.0509885976643707,3,3.5,0.7138403673011898,1
CUMMINSIN,20190530,540.0,P,700,14,56985045,701.05,614.05,984.0,173.19999999999993,167.95000000000005,20.321303552475012,660.40739289505,762.013910657425,355563808,0.4,89480.7899999991,0.08158175626299313,3,3.5,0.7138403673011898,1
DABUR,20190530,310.0,P,1250,14,44652199,363.55,312.0,490.55,90.94999999999999,83.5,20.906290349808014,321.737419300384,426.26887104942404,355578755,0.05,83696.38999999873,0.019468752304780537,3,2.0,0.7787500921912214,1
DABUR,20190530,305.0,P,1250,14,44652199,363.55,312.0,490.55,90.94999999999999,83.5,20.906290349808014,321.737419300384,426.26887104942404,359517564,0.05,83696.38999999873,0.019468752304780537,3,2.0,0.7787500921912214,1
DABUR,20190530,300.0,P,1250,14,44652199,363.55,312.0,490.55,90.94999999999999,83.5,20.906290349808014,321.737419300384,426.26887104942404,355578745,0.05,83696.38999999873,0.019468752304780537,3,2.0,0.7787500921912214,1
DHFL,20190530,60.0,P,1500,14,56984051,107.85,97.2,691.5,422.55,153.64999999999998,21.662024432513068,64.52595113497387,172.8360732975392,359239395,1.75,73525.45999999903,0.9308000249165512,7,2.25,1.1967428891784233,1
DHFL,20190530,50.0,P,1500,14,56984051,107.85,97.2,691.5,422.55,153.64999999999998,21.662024432513068,64.52595113497387,172.8360732975392,359239386,1.0,73525.45999999903,0.5318857285237436,7,1.5,0.7978285927856155,1
DHFL,20190530,40.0,P,1500,14,56984051,107.85,97.2,691.5,422.55,153.64999999999998,21.662024432513068,64.52595113497387,172.8360732975392,359239376,0.2,73525.45999999903,0.10637714570474874,7,1.5,0.7978285927856155,1
DISHTV,20190530,17.5,P,8000,14,56984081,27.85,19.1,86.9,22.049999999999997,18.000000000000004,3.385578659127983,21.078842681744035,38.006735977383954,359382187,0.4,85561.24000000022,0.9750743611075671,6,0.9,2.193917312492026,1
GAIL,20190627,295.0,P,2667,42,44652084,331.75,299.0,399.35,92.0,87.14999999999998,12.281738826061448,307.1865223478771,368.59521647818434,359235184,4.05,161123.4699999988,0.5825897058944963,1,5.0,0.7192465504870323,1
GAIL,20190627,290.0,P,2667,42,44652084,331.75,299.0,399.35,92.0,87.14999999999998,12.281738826061448,307.1865223478771,368.59521647818434,359235179,3.15,161123.4699999988,0.45312532680683043,1,5.0,0.7192465504870323,1
GAIL,20190627,285.0,P,2667,42,44652084,331.75,299.0,399.35,92.0,87.14999999999998,12.281738826061448,307.1865223478771,368.59521647818434,359235169,2.45,161123.4699999988,0.3524308097386459,1,5.0,0.7192465504870323,1
GLENMARK,20190627,490.0,P,1000,42,56986291,588.45,493.5,711.9,151.89999999999998,164.75,29.29410798208111,529.8617840358378,676.3323239462434,359244960,2.1,668189.4600000009,0.02731261280296157,2,54.0,0.7023243292190118,1
GMRINFRA,20190530,12.0,P,45000,14,69237773,15.4,13.15,25.0,7.0,7.0,1.4318395021305967,12.536320995738807,19.695518506391792,359245379,0.1,173512.01999999955,0.6761573553891476,1,0.15,1.0142360330837215,1
GODREJCP,20190530,590.0,P,600,14,56986171,640.95,626.0,978.675,239.92499999999995,130.85000000000002,24.39807088880661,592.1538582223868,714.1442126664199,359163128,0.25,70729.0,0.05529152519778713,2,3.0,0.6634983023734454,1
GODREJCP,20190530,580.0,P,600,14,56986171,640.95,626.0,978.675,239.92499999999995,130.85000000000002,24.39807088880661,592.1538582223868,714.1442126664199,355559483,1.8,70729.0,0.39809898142406736,2,3.0,0.6634983023734454,1
GODREJCP,20190530,560.0,P,600,14,56986171,640.95,626.0,978.675,239.92499999999995,130.85000000000002,24.39807088880661,592.1538582223868,714.1442126664199,355559473,0.95,70729.0,0.21010779575159105,2,3.0,0.6634983023734454,1
GRASIM,20190627,680.0,P,750,42,250071842,814.8,689.1,1260.95,336.9,233.75,60.84036010198422,693.1192797960315,997.3210803059526,359229139,1.95,112453.8200000003,0.11302258499152269,2,12.0,0.695523599947832,1
GRASIM,20190627,670.0,P,750,42,250071842,814.8,689.1,1260.95,336.9,233.75,60.84036010198422,693.1192797960315,997.3210803059526,359229128,1.45,112453.8200000003,0.08404243499369636,2,12.0,0.695523599947832,1
GRASIM,20190530,650.0,P,750,14,250071842,814.8,689.1,1260.95,227.79999999999995,156.79999999999995,33.2139525712939,748.3720948574121,914.4418577138816,359228939,0.4,112453.8200000003,0.0695523599947832,2,4.0,0.6955235999478319,1
HEXAWARE,20190627,290.0,P,1500,42,56983874,349.95,294.3,555.75,181.85000000000002,155.2,15.54822548081182,318.85354903837634,396.59467644243546,359179475,1.2,97358.58999999985,0.160672593377299,2,5.0,0.6694691390720791,1
HEXAWARE,20190530,290.0,P,1500,14,56983874,349.95,294.3,555.75,113.44999999999999,127.75,8.562335653122632,332.8253286937547,375.6370069593679,355583906,2.15,97358.58999999985,0.863615189402982,2,2.65,1.0644559311246058,1
HEXAWARE,20190530,280.0,P,1500,14,56983874,349.95,294.3,555.75,113.44999999999999,127.75,8.562335653122632,332.8253286937547,375.6370069593679,355583899,2.0,97358.58999999985,0.8033629668864949,2,2.5,1.0042037086081186,1
HINDPETRO,20190530,160.0,P,2100,14,44652194,267.4,163.0,446.5,101.30000000000001,71.79999999999998,12.420821228888205,242.55835754222358,304.6624636866646,355574472,0.05,107656.09999999963,0.025428192178613283,2,1.5,0.7628457653583985,2
IBULHSGFI,20190530,550.0,P,500,14,125585152,706.85,577.25,1440.0,513.0999999999999,260.0,76.53328596474813,553.7834280705038,936.4498578942444,360364542,5.7,114091.70999999903,0.6512617913130767,1,6.0,0.6855387276979755,1
IBULHSGFI,20190530,540.0,P,500,14,125585152,706.85,577.25,1440.0,513.0999999999999,260.0,76.53328596474813,553.7834280705038,936.4498578942444,360364644,4.5,114091.70999999903,0.5141540457734817,1,6.0,0.6855387276979755,1
IBULHSGFI,20190530,520.0,P,500,14,125585152,706.85,577.25,1440.0,513.0999999999999,260.0,76.53328596474813,553.7834280705038,936.4498578942444,361345055,3.55,114091.70999999903,0.40561041388796876,1,6.0,0.6855387276979755,1
ICICIPRUL,20190627,270.0,P,1500,42,249453974,339.05,277.5,462.1,118.30000000000001,96.5,27.78751413545759,283.4749717290848,422.4125424063728,359180416,0.45,93145.1799999997,0.06297772389909437,2,5.0,0.6997524877677153,1
ICICIPRUL,20190530,240.0,P,1500,14,249453974,339.05,277.5,462.1,78.94999999999999,87.95000000000005,14.807867296957301,309.4342654060854,383.4736018908719,355553458,0.15,93145.1799999997,0.06297772389909437,2,1.5,0.6297772389909438,2
ICICIPRUL,20190530,230.0,P,1500,14,249453974,339.05,277.5,462.1,78.94999999999999,87.95000000000005,14.807867296957301,309.4342654060854,383.4736018908719,355553449,0.1,93145.1799999997,0.041985149266062914,2,1.5,0.6297772389909438,2
IDBI,20190530,27.0,P,10000,14,56985599,34.4,33.3,89.9,28.000000000000007,29.450000000000003,3.6729918168403937,27.05401636631921,45.41897545052118,355579705,0.05,158051.0399999991,0.08247787730921834,3,0.5,0.8247787730921834,1
IDBI,20190530,26.0,P,10000,14,56985599,34.4,33.3,89.9,28.000000000000007,29.450000000000003,3.6729918168403937,27.05401636631921,45.41897545052118,355579699,0.05,158051.0399999991,0.08247787730921834,3,0.5,0.8247787730921834,1
IDBI,20190530,25.0,P,10000,14,56985599,34.4,33.3,89.9,28.000000000000007,29.450000000000003,3.6729918168403937,27.05401636631921,45.41897545052118,355579688,0.05,158051.0399999991,0.08247787730921834,3,0.5,0.8247787730921834,1
IDFC,20190627,27.0,P,13200,42,56985600,36.1,31.6,67.75,19.4,16.5,4.171031047594822,27.75793790481036,48.613093142784464,361344414,0.25,91647.44999999925,0.3129227428430541,3,0.5,0.6258454856861083,1
IDFC,20190530,27.0,P,13200,14,56985600,36.1,31.6,67.75,15.700000000000003,11.250000000000007,4.171031047594822,27.75793790481036,48.613093142784464,355589647,0.05,91647.44999999925,0.18775364570583253,3,0.15,0.5632609371174974,1
IDFC,20190530,26.0,P,13200,14,56985600,36.1,31.6,67.75,15.700000000000003,11.250000000000007,4.171031047594822,27.75793790481036,48.613093142784464,355589637,0.05,91647.44999999925,0.18775364570583253,3,0.15,0.5632609371174974,1
IDFCFIRST,20190530,32.0,P,12000,14,209462790,40.75,32.7,70.25,16.700000000000003,9.550000000000004,4.214080234431022,32.321839531137954,53.39224070329307,359504516,0.1,103745.19999999925,0.30156300518688584,3,0.15,0.4523445077803288,1
IDFCFIRST,20190530,29.0,P,12000,14,209462790,40.75,32.7,70.25,16.700000000000003,9.550000000000004,4.214080234431022,32.321839531137954,53.39224070329307,359504495,0.05,103745.19999999925,0.15078150259344292,3,0.15,0.4523445077803288,1
IDFCFIRST,20190530,27.0,P,12000,14,209462790,40.75,32.7,70.25,16.700000000000003,9.550000000000004,4.214080234431022,32.321839531137954,53.39224070329307,365924126,0.05,103745.19999999925,0.15078150259344292,3,0.15,0.4523445077803288,1
IGL,20190530,215.0,P,2750,14,294350643,300.65,215.2,343.35,67.14999999999998,68.4,8.043257218192423,284.56348556361513,324.77977165457725,359245963,0.05,151583.02999999933,0.023649226622343183,1,1.5,0.7094767986702953,1
IGL,20190530,210.0,P,2750,14,294350643,300.65,215.2,343.35,67.14999999999998,68.4,8.043257218192423,284.56348556361513,324.77977165457725,359245953,0.05,151583.02999999933,0.023649226622343183,1,1.5,0.7094767986702953,1
INDIACEM,20190627,70.0,P,4500,42,56985582,92.85,74.8,205.95,65.79999999999998,51.94999999999999,10.914178541151855,71.02164291769628,125.59253562345556,359188458,0.65,77234.80999999866,0.3291215820579257,3,1.5,0.7595113432105978,1
INDIACEM,20190627,67.5,P,4500,42,56985582,92.85,74.8,205.95,65.79999999999998,51.94999999999999,10.914178541151855,71.02164291769628,125.59253562345556,359188448,0.45,77234.80999999866,0.22785340296317932,3,1.5,0.7595113432105978,1
INDIACEM,20190530,72.5,P,4500,14,56985582,92.85,74.8,205.95,59.44999999999999,47.75,6.160335967220053,80.5293280655599,111.33100790166016,355583657,0.1,77234.80999999866,0.15190226864211953,3,0.5,0.7595113432105977,1
INFIBEAM,20190627,27.5,P,4000,42,287232453,42.45,27.55,242.7,215.14999999999998,101.75,4.849974869607846,32.75005026078431,56.99992460882354,359247353,0.1,158297.84999999963,0.02195980852671394,8,3.0,0.6587942558014183,1
INFIBEAM,20190627,25.0,P,4000,42,287232453,42.45,27.55,242.7,215.14999999999998,101.75,4.849974869607846,32.75005026078431,56.99992460882354,359247347,0.05,158297.84999999963,0.01097990426335697,8,3.0,0.6587942558014183,1
INFIBEAM,20190627,22.5,P,4000,42,287232453,42.45,27.55,242.7,215.14999999999998,101.75,4.849974869607846,32.75005026078431,56.99992460882354,359247336,0.05,158297.84999999963,0.01097990426335697,8,3.0,0.6587942558014183,1
INFRATEL,20190627,210.0,P,2000,42,119707173,263.85,242.65,388.2,76.94999999999999,88.6,23.620008128703144,216.60998374259373,334.71002438610947,359231440,1.35,97722.5,0.2401113941444981,2,4.0,0.7114411678355499,1
INFRATEL,20190627,200.0,P,2000,42,119707173,263.85,242.65,388.2,76.94999999999999,88.6,23.620008128703144,216.60998374259373,334.71002438610947,359231435,0.7,97722.5,0.12450220437122123,2,4.0,0.7114411678355499,1
INFRATEL,20190530,215.0,P,2000,14,119707173,263.85,242.65,388.2,62.19999999999999,73.39999999999998,22.494089597675526,218.86182080464897,331.3322687930266,355584434,0.15,97722.5,0.08003713138149936,2,1.5,0.8003713138149937,1
JINDALSTE,20190627,115.0,P,2250,42,56984268,155.25,123.3,294.1,91.44999999999999,136.3,17.745592051955207,119.75881589608959,208.4867761558656,359248073,0.8,65147.4299999997,0.24011472352565888,4,2.5,0.750358511017684,1
JINDALSTE,20190627,110.0,P,2250,42,56984268,155.25,123.3,294.1,91.44999999999999,136.3,17.745592051955207,119.75881589608959,208.4867761558656,359248067,0.45,65147.4299999997,0.13506453198318313,4,2.5,0.750358511017684,1
JINDALSTE,20190530,105.0,P,2250,14,56984268,155.25,123.3,294.1,81.94999999999999,109.19999999999999,9.970524051025139,135.30895189794973,185.1615721530754,359247610,0.15,65147.4299999997,0.1350645319831831,4,1.0,0.9004302132212209,1
JISLJALEQ,20190627,35.0,P,9000,42,80423707,48.95,46.45,150.4,50.60000000000001,46.05000000000001,6.288224156194565,36.37355168761087,67.8146724685837,359248736,0.15,166660.87999999896,0.07039530126771759,2,1.5,0.703953012677176,1
JISLJALEQ,20190530,37.5,P,9000,14,80423707,48.95,46.45,150.4,46.05000000000001,34.5,4.55407715679039,39.84184568641922,62.61223147037117,359248362,0.05,166660.87999999896,0.07039530126771759,2,0.5,0.7039530126771759,1
JSWSTEEL,20190627,230.0,P,1500,42,261024709,268.5,237.6,427.55,115.80000000000001,129.25,17.72535232151661,233.04929535696678,321.67605696454984,359176170,2.8,75889.33999999985,0.4809634660151224,1,4.0,0.6870906657358893,1
JSWSTEEL,20190627,225.0,P,1500,42,261024709,268.5,237.6,427.55,115.80000000000001,129.25,17.72535232151661,233.04929535696678,321.67605696454984,359176160,2.1,75889.33999999985,0.36072259951134183,1,4.0,0.6870906657358893,1
JSWSTEEL,20190530,235.0,P,1500,14,261024709,268.5,237.6,427.55,72.69999999999999,81.94999999999999,12.761570866167762,242.97685826766448,306.7847125985033,355570106,2.25,75889.33999999985,1.1594654984293131,1,2.75,1.4171244980802715,1
KOTAKBANK,20190530,980.0,P,400,14,78743661,1395.8,992.5,1435.5,205.54999999999995,191.75,34.99128618852121,1325.8174276229574,1500.7738585655636,355581529,0.45,102524.13999999873,0.045773191980515035,2,7.0,0.7120274308080117,2
KOTAKBANK,20190530,960.0,P,400,14,78743661,1395.8,992.5,1435.5,205.54999999999995,191.75,34.99128618852121,1325.8174276229574,1500.7738585655636,355581523,0.3,102524.13999999873,0.030515461320343353,2,7.0,0.7120274308080117,2
KSCL,20190530,350.0,P,1500,14,143038370,441.4,374.05,660.7,249.84999999999997,117.74999999999994,16.325384584082013,408.749230831836,490.376153752246,359221627,0.45,740457.9100000001,0.023766663908978004,2,13.5,0.7129999172693402,1
KSCL,20190530,340.0,P,1500,14,143038370,441.4,374.05,660.7,249.84999999999997,117.74999999999994,16.325384584082013,408.749230831836,490.376153752246,355581864,0.3,740457.9100000001,0.015844442605985335,2,13.5,0.7129999172693402,1
KSCL,20190530,330.0,P,1500,14,143038370,441.4,374.05,660.7,249.84999999999997,117.74999999999994,16.325384584082013,408.749230831836,490.376153752246,359221617,0.15,740457.9100000001,0.007922221302992668,2,13.5,0.7129999172693402,1
KTKBANK,20190627,90.0,P,4700,42,56984959,111.4,92.65,169.25,60.95,32.54999999999998,9.912413768200855,91.57517246359829,141.13724130460258,359190264,0.55,99229.45999999903,0.22639326015057604,2,1.5,0.6174361640470254,1
KTKBANK,20190627,87.5,P,4700,42,56984959,111.4,92.65,169.25,60.95,32.54999999999998,9.912413768200855,91.57517246359829,141.13724130460258,359190258,0.35,99229.45999999903,0.14406843827763927,2,1.5,0.6174361640470254,1
KTKBANK,20190530,92.5,P,4700,14,56984959,111.4,92.65,169.25,39.650000000000006,23.299999999999983,7.661055746300839,96.07788850739833,134.38316723890253,355564353,0.1,99229.45999999903,0.12348723280940507,2,0.5,0.6174361640470254,1
LICHSGFIN,20190530,380.0,P,1100,14,82450876,475.8,387.6,610.0,135.89999999999998,91.0,26.73053476623482,422.33893046753036,555.9916042987045,355584818,0.75,97323.68999999948,0.22100403890798515,2,2.5,0.736680129693284,1
LICHSGFIN,20190530,370.0,P,1100,14,82450876,475.8,387.6,610.0,135.89999999999998,91.0,26.73053476623482,422.33893046753036,555.9916042987045,355584809,0.7,97323.68999999948,0.20627043631411948,2,2.5,0.736680129693284,1
LICHSGFIN,20190530,360.0,P,1100,14,82450876,475.8,387.6,610.0,135.89999999999998,91.0,26.73053476623482,422.33893046753036,555.9916042987045,355584803,0.4,97323.68999999948,0.11786882075092542,2,2.5,0.736680129693284,1
MCDOWELL-,20190530,430.0,P,1250,14,321318372,523.55,438.2,731.425,143.09999999999997,144.64999999999998,16.744085495869026,490.0618290082619,573.782256487607,359172443,0.35,120606.55999999866,0.09457404307029507,2,2.5,0.6755288790735362,1
MCDOWELL-,20190530,420.0,P,1250,14,321318372,523.55,438.2,731.425,143.09999999999997,144.64999999999998,16.744085495869026,490.0618290082619,573.782256487607,355587024,0.4,120606.55999999866,0.10808462065176579,2,2.5,0.6755288790735362,1
MCDOWELL-,20190530,410.0,P,1250,14,321318372,523.55,438.2,731.425,143.09999999999997,144.64999999999998,16.744085495869026,490.0618290082619,573.782256487607,359172433,0.45,120606.55999999866,0.12159519823323653,2,2.5,0.6755288790735362,1
MCX,20190627,610.0,P,700,42,103853702,815.3,643.6,998.25,323.20000000000005,227.45000000000005,60.035160912406724,695.2296781751866,995.4054827372202,359253235,0.2,105410.2899999991,0.011542200165341326,2,12.0,0.6925320099204795,1
MCX,20190530,640.0,P,700,14,103853702,815.3,643.6,998.25,242.20000000000005,173.69999999999993,29.45997912121604,756.3800417575678,903.679937363648,359252752,0.05,105410.2899999991,0.008656650124005995,2,4.0,0.6925320099204795,1
MCX,20190530,610.0,P,700,14,103853702,815.3,643.6,998.25,242.20000000000005,173.69999999999993,29.45997912121604,756.3800417575678,903.679937363648,359253064,0.05,105410.2899999991,0.008656650124005995,2,4.0,0.6925320099204795,1
MFSL,20190627,340.0,P,1200,42,56987139,399.35,350.0,611.15,181.64999999999998,130.75,23.603625461951783,352.14274907609644,470.1608763858554,359254313,1.75,87251.0700000003,0.2091664893049442,3,6.0,0.717142249045523,1
MFSL,20190627,330.0,P,1200,42,56987139,399.35,350.0,611.15,181.64999999999998,130.75,23.603625461951783,352.14274907609644,470.1608763858554,359254307,1.0,87251.0700000003,0.11952370817425384,3,6.0,0.717142249045523,1
MFSL,20190627,320.0,P,1200,42,56987139,399.35,350.0,611.15,181.64999999999998,130.75,23.603625461951783,352.14274907609644,470.1608763858554,359254298,0.55,87251.0700000003,0.06573803949583962,3,6.0,0.717142249045523,1
MGL,20190530,720.0,P,600,14,239032762,845.95,760.0,1163.0,180.3499999999999,192.3499999999999,56.81147722058723,732.3270455588256,1016.3844316617617,355576866,0.35,92806.86999999918,0.05899347753027387,2,4.0,0.6742111717745586,1
MGL,20190530,700.0,P,600,14,239032762,845.95,760.0,1163.0,180.3499999999999,192.3499999999999,56.81147722058723,732.3270455588256,1016.3844316617617,355576859,0.15,92806.86999999918,0.025282918941545943,2,4.0,0.6742111717745586,1
MOTHERSUM,20190627,90.0,P,2850,42,56987580,117.95,115.75,263.6,65.35000000000002,48.44999999999999,13.541114059310125,90.86777188137975,158.57334217793039,359212674,0.35,61833.38999999873,0.14019528930890215,2,1.5,0.6008369541810092,1
MOTHERSUM,20190627,85.0,P,2850,42,56987580,117.95,115.75,263.6,65.35000000000002,48.44999999999999,13.541114059310125,90.86777188137975,158.57334217793039,359212664,0.15,61833.38999999873,0.06008369541810092,2,1.5,0.6008369541810092,1
MOTHERSUM,20190530,90.0,P,2850,14,56987580,117.95,115.75,263.6,49.85000000000002,43.599999999999994,12.929503809118113,92.09099238176378,156.73851142735435,355720104,0.05,61833.38999999873,0.060083695418100935,2,0.5,0.6008369541810092,1
MRF,20190530,48000.0,P,10,14,56987338,53559.3,51598.0,81426.0,11800.0,10370.0,2622.1204833090455,48315.05903338191,61425.66144992714,355565155,16.35,97813.12999999896,0.04357981971774768,2,262.5,0.6996760046427379,1
MRF,20190530,47500.0,P,10,14,56987338,53559.3,51598.0,81426.0,11800.0,10370.0,2622.1204833090455,48315.05903338191,61425.66144992714,355565146,9.25,97813.12999999896,0.024655249687410768,2,262.5,0.6996760046427379,1
NATIONALU,20190530,41.0,P,8000,14,85433002,48.0,46.25,90.0,20.5,23.799999999999997,2.7939438473638356,42.41211230527233,56.381831542091504,359257730,0.05,74573.9299999997,0.13984205242464046,2,0.5,1.398420524246405,1
NATIONALU,20190530,40.5,P,8000,14,85433002,48.0,46.25,90.0,20.5,23.799999999999997,2.7939438473638356,42.41211230527233,56.381831542091504,359257185,0.15,74573.9299999997,0.4195261572739215,2,0.5,1.398420524246405,1
NATIONALU,20190530,40.0,P,8000,14,85433002,48.0,46.25,90.0,20.5,23.799999999999997,2.7939438473638356,42.41211230527233,56.381831542091504,359256907,0.15,74573.9299999997,0.4195261572739215,2,0.5,1.398420524246405,1
NMDC,20190627,75.0,P,6000,42,56984653,90.3,88.6,162.7,42.64999999999999,38.69999999999999,7.171412551987635,75.95717489602472,111.8142376559629,359164560,0.1,100328.54999999888,0.05197210279911125,2,1.5,0.7795815419866686,1
NMDC,20190627,72.5,P,6000,42,56984653,90.3,88.6,162.7,42.64999999999999,38.69999999999999,7.171412551987635,75.95717489602472,111.8142376559629,359164555,0.05,100328.54999999888,0.025986051399555624,2,1.5,0.7795815419866686,1
NMDC,20190627,70.0,P,6000,42,56984653,90.3,88.6,162.7,42.64999999999999,38.69999999999999,7.171412551987635,75.95717489602472,111.8142376559629,359164545,0.05,100328.54999999888,0.025986051399555624,2,1.5,0.7795815419866686,1
NTPC,20190530,104.15,P,4800,14,49982069,123.95,106.675,155.675,19.17500000000001,23.19999999999999,4.379100935123567,115.19179812975287,137.0873028053707,355553986,0.15,113184.91999999993,0.1658474341937829,2,0.5,0.552824780645943,2
NTPC,20190530,102.1,P,4800,14,49982069,123.95,106.675,155.675,19.17500000000001,23.19999999999999,4.379100935123567,115.19179812975287,137.0873028053707,355553978,0.1,113184.91999999993,0.11056495612918862,2,0.5,0.552824780645943,2
NTPC,20190530,100.0,P,4800,14,49982069,123.95,106.675,155.675,19.17500000000001,23.19999999999999,4.379100935123567,115.19179812975287,137.0873028053707,355553968,0.1,113184.91999999993,0.11056495612918862,2,0.5,0.552824780645943,2
OFSS,20190627,3100.0,P,150,42,56983625,3417.25,3323.75,4657.55,1333.8000000000002,847.0500000000002,145.88740593024067,3125.4751881395187,3854.912217790722,359195305,3.9,93656.43999999948,0.05428274415970327,1,50.5,0.7028919436064142,1
OFSS,20190530,3250.0,P,150,14,56983625,3417.25,3323.75,4657.55,799.5,757.25,78.53629130001002,3260.17741739998,3652.85887390003,359195090,4.3,93656.43999999948,0.17955061529748,1,17.0,0.7098512697807351,1
OFSS,20190530,3200.0,P,150,14,56983625,3417.25,3323.75,4657.55,799.5,757.25,78.53629130001002,3260.17741739998,3652.85887390003,355567499,1.6,93656.43999999948,0.06680953127348095,1,17.0,0.7098512697807351,1
ONGC,20190627,127.5,P,3750,42,83845926,162.75,127.6,212.8,47.05000000000001,37.45000000000002,10.080827174569867,142.58834565086028,192.9924815237096,359205882,0.05,116117.96999999881,0.01403283476032437,2,2.5,0.7016417380162185,1
ONGC,20190627,125.0,P,3750,42,83845926,162.75,127.6,212.8,47.05000000000001,37.45000000000002,10.080827174569867,142.58834565086028,192.9924815237096,359205872,0.05,116117.96999999881,0.01403283476032437,2,2.5,0.7016417380162185,1
PAGEIND,20190627,17500.0,P,25,42,56986688,21353.1,18001.0,36345.75,9845.75,9440.099999999999,1686.947220123425,17979.205559753147,26413.941660370274,359231707,20.4,98172.96999999881,0.04514626436526175,2,316.5,0.7004310133139874,1
PAGEIND,20190627,17000.0,P,25,42,56986688,21353.1,18001.0,36345.75,9845.75,9440.099999999999,1686.947220123425,17979.205559753147,26413.941660370274,359231697,9.55,98172.96999999881,0.021134648269031848,2,316.5,0.7004310133139874,1
PAGEIND,20190627,16500.0,P,25,42,56986688,21353.1,18001.0,36345.75,9845.75,9440.099999999999,1686.947220123425,17979.205559753147,26413.941660370274,359231690,4.1,98172.96999999881,0.009073513916547704,2,316.5,0.7004310133139874,1
PCJEWELLE,20190530,45.0,P,6500,14,119653211,110.05,46.9,600.55,382.59999999999997,168.8,20.98304281884542,68.08391436230916,172.99912845653625,355557490,0.05,321648.6099999994,0.02634307757684481,2,1.5,0.7902923273053444,1
PCJEWELLE,20190530,40.0,P,6500,14,119653211,110.05,46.9,600.55,382.59999999999997,168.8,20.98304281884542,68.08391436230916,172.99912845653625,355557481,0.05,321648.6099999994,0.02634307757684481,2,1.5,0.7902923273053444,1
PCJEWELLE,20190530,35.0,P,6500,14,119653211,110.05,46.9,600.55,382.59999999999997,168.8,20.98304281884542,68.08391436230916,172.99912845653625,355557475,0.05,321648.6099999994,0.02634307757684481,2,1.5,0.7902923273053444,1
PEL,20190530,1600.0,P,302,14,56986920,2139.3,1794.9,3304.1,1004.6000000000001,623.5999999999999,216.0546368253872,1707.1907263492258,2787.463910476162,355570538,1.75,115477.11999999918,0.11932017355472753,2,10.5,0.7159210413283653,1
PEL,20190530,1550.0,P,302,14,56986920,2139.3,1794.9,3304.1,1004.6000000000001,623.5999999999999,216.0546368253872,1707.1907263492258,2787.463910476162,362047339,1.1,115477.11999999918,0.07500125194868588,2,10.5,0.7159210413283653,1
PEL,20190530,1500.0,P,302,14,56986920,2139.3,1794.9,3304.1,1004.6000000000001,623.5999999999999,216.0546368253872,1707.1907263492258,2787.463910476162,355570528,1.3,115477.11999999918,0.08863784321208333,2,10.5,0.7159210413283653,1
PETRONET,20190530,200.0,P,3000,14,56986960,233.35,202.05,261.0,39.44999999999999,33.80000000000001,5.017389438477316,223.31522112304538,248.40216831543194,355561376,1.2,126901.25999999978,0.7396076513120753,1,1.7,1.0477775060254402,1
PETRONET,20190530,195.0,P,3000,14,56986960,233.35,202.05,261.0,39.44999999999999,33.80000000000001,5.017389438477316,223.31522112304538,248.40216831543194,355561369,0.9,126901.25999999978,0.5547057384840566,1,1.0,0.6163397094267296,1
PETRONET,20190530,190.0,P,3000,14,56986960,233.35,202.05,261.0,39.44999999999999,33.80000000000001,5.017389438477316,223.31522112304538,248.40216831543194,355561363,0.9,126901.25999999978,0.5547057384840566,1,1.0,0.6163397094267296,1
PNB,20190530,57.5,P,7000,14,176235422,82.3,58.45,197.0,71.74999999999999,34.25,5.016178659083402,72.2676426818332,97.34853597725021,355575088,0.15,111606.08000000007,0.24528233587274081,2,0.5,0.8176077862424693,1
PNB,20190530,55.0,P,7000,14,176235422,82.3,58.45,197.0,71.74999999999999,34.25,5.016178659083402,72.2676426818332,97.34853597725021,355575083,0.1,111606.08000000007,0.1635215572484939,2,0.5,0.8176077862424693,1
PNB,20190530,52.5,P,7000,14,176235422,82.3,58.45,197.0,71.74999999999999,34.25,5.016178659083402,72.2676426818332,97.34853597725021,355575073,0.1,111606.08000000007,0.1635215572484939,2,0.5,0.8176077862424693,1
POWERGRID,20190627,162.5,P,4000,42,50486118,178.5,173.0,216.0,38.900000000000006,31.599999999999994,7.506079201259865,163.48784159748027,201.0182376037796,359232026,0.6,134320.38999999873,0.15527905225068994,1,2.5,0.6469960510445415,1
POWERGRID,20190627,160.0,P,4000,42,50486118,178.5,173.0,216.0,38.900000000000006,31.599999999999994,7.506079201259865,163.48784159748027,201.0182376037796,359232016,0.4,134320.38999999873,0.10351936816712663,1,2.5,0.6469960510445415,1
POWERGRID,20190530,165.0,P,4000,14,50486118,178.5,173.0,216.0,21.400000000000006,23.5,6.176199544730253,166.1476009105395,197.02859863419076,355571049,0.15,134320.38999999873,0.11645928918801746,1,1.0,0.7763952612534498,1
PVR,20190530,1050.0,P,400,14,56987108,1717.0,1063.95,1823.8,361.04999999999995,268.5,58.25203495443815,1600.4959300911237,1891.7561048633145,355575283,1.2,126397.84999999963,0.09900710901558651,2,8.5,0.701300355527071,2
RAYMOND,20190627,580.0,P,800,42,56984932,777.75,593.0,1153.0,290.95000000000005,290.95000000000005,45.52020820761255,686.7095835847749,914.3106246228376,359259976,0.4,114755.9299999997,0.024233626802139013,2,11.5,0.6967167705614966,1
RAYMOND,20190627,560.0,P,800,42,56984932,777.75,593.0,1153.0,290.95000000000005,290.95000000000005,45.52020820761255,686.7095835847749,914.3106246228376,359259970,0.2,114755.9299999997,0.012116813401069506,2,11.5,0.6967167705614966,1
RAYMOND,20190627,540.0,P,800,42,56984932,777.75,593.0,1153.0,290.95000000000005,290.95000000000005,45.52020820761255,686.7095835847749,914.3106246228376,359259962,0.1,114755.9299999997,0.006058406700534753,2,11.5,0.6967167705614966,1
RELINFRA,20190530,75.0,P,1300,14,44652170,103.45,96.65,589.65,201.59999999999997,160.79999999999995,13.241216041062609,76.96756791787479,143.17364812318783,359261034,3.0,38908.859999999404,2.613249820955252,5,3.5,3.048791457781128,1
RELINFRA,20190530,70.0,P,1300,14,44652170,103.45,96.65,589.65,201.59999999999997,160.79999999999995,13.241216041062609,76.96756791787479,143.17364812318783,360362157,2.0,38908.859999999404,1.7421665473035017,5,2.5,2.177708184129377,1
RELINFRA,20190530,65.0,P,1300,14,44652170,103.45,96.65,589.65,201.59999999999997,160.79999999999995,13.241216041062609,76.96756791787479,143.17364812318783,361345103,2.05,38908.859999999404,1.7857207109860889,5,2.55,2.2212623478119644,1
REPCOHOME,20190627,280.0,P,1100,42,125203631,403.0,293.9,728.4,319.95000000000005,172.55,47.779991247571765,307.4400175048565,546.3399737427153,359213528,0.25,128334.30999999866,0.01862230725657836,3,9.5,0.7076476757499778,1
REPCOHOME,20190530,280.0,P,1100,14,125203631,403.0,293.9,728.4,178.29999999999995,166.3,23.340138734047173,356.31972253190565,473.0204162021415,355558571,0.25,128334.30999999866,0.05586692176973509,3,3.0,0.6704030612368211,1
REPCOHOME,20190530,260.0,P,1100,14,125203631,403.0,293.9,728.4,178.29999999999995,166.3,23.340138734047173,356.31972253190565,473.0204162021415,355558561,0.05,128334.30999999866,0.011173384353947019,3,3.0,0.6704030612368211,1
SIEMENS,20190530,800.0,P,550,14,44652105,1073.9,851.15,1336.0,206.25,171.3499999999999,52.350228327063654,969.1995433458728,1230.950684981191,355587273,0.7,110761.77999999933,0.09062241506050246,2,5.5,0.7120332611896621,2
SOUTHBANK,20190627,10.0,P,33141,42,79403920,13.2,12.45,34.75,11.0,5.85,1.5837142055723041,10.03257158885539,17.95114261671691,359218531,0.1,80603.83000000007,0.35731685631882654,2,0.15,0.5359752844782397,1
SOUTHBANK,20190530,10.0,P,33141,14,79403920,13.2,12.45,34.75,8.0,4.600000000000001,1.3713952209596643,10.45720955808067,17.31418566287899,355576386,0.05,80603.83000000007,0.5359752844782398,2,0.15,1.607925853434719,1
SOUTHBANK,20190530,9.0,P,33141,14,79403920,13.2,12.45,34.75,8.0,4.600000000000001,1.3713952209596643,10.45720955808067,17.31418566287899,355576378,0.05,80603.83000000007,0.5359752844782398,2,0.15,1.607925853434719,1
SRTRANSFI,20190627,820.0,P,600,42,56988999,1020.0,904.4,1668.75,572.6,481.0,91.94983655041132,836.1003268991774,1295.849509651234,359660457,2.0,111034.83000000007,0.09392162286889098,2,15.0,0.7044121715166823,1
SRTRANSFI,20190627,800.0,P,600,42,56988999,1020.0,904.4,1668.75,572.6,481.0,91.94983655041132,836.1003268991774,1295.849509651234,359660451,1.25,111034.83000000007,0.05870101429305686,2,15.0,0.7044121715166823,1
SRTRANSFI,20190627,780.0,P,600,42,56988999,1020.0,904.4,1668.75,572.6,481.0,91.94983655041132,836.1003268991774,1295.849509651234,362047019,0.7,111034.83000000007,0.032872568004111834,2,15.0,0.7044121715166823,1
STAR,20190627,330.0,P,1100,42,56989252,419.05,334.25,830.35,359.025,176.75,37.34431716321381,344.3613656735724,531.0829514896415,359201057,5.75,477369.3299999982,0.11514619488596409,3,35.0,0.700889881914564,1
STAR,20190627,320.0,P,1100,42,56989252,419.05,334.25,830.35,359.025,176.75,37.34431716321381,344.3613656735724,531.0829514896415,359201048,4.3,477369.3299999982,0.08610932834950359,3,35.0,0.700889881914564,1
STAR,20190627,310.0,P,1100,42,56989252,419.05,334.25,830.35,359.025,176.75,37.34431716321381,344.3613656735724,531.0829514896415,359201042,3.15,477369.3299999982,0.06308008937231077,3,35.0,0.700889881914564,1
TATACOMM,20190627,430.0,P,1000,42,44652159,549.95,435.75,754.0,162.04999999999995,154.50000000000006,43.404617248448304,463.14076550310347,680.163851745345,359195873,0.05,100293.46999999881,0.004332523438702587,2,8.0,0.6932037501924139,1
TATACOMM,20190627,420.0,P,1000,42,44652159,549.95,435.75,754.0,162.04999999999995,154.50000000000006,43.404617248448304,463.14076550310347,680.163851745345,359195864,0.05,100293.46999999881,0.004332523438702587,2,8.0,0.6932037501924139,1
TATACOMM,20190627,410.0,P,1000,42,44652159,549.95,435.75,754.0,162.04999999999995,154.50000000000006,43.404617248448304,463.14076550310347,680.163851745345,359195858,0.05,100293.46999999881,0.004332523438702587,2,8.0,0.6932037501924139,1
TATAELXSI,20190627,740.0,P,400,42,56985222,849.2,822.1,1490.4,546.15,353.10000000000014,53.80534867053335,741.5893026589333,1010.6160460116,359262441,2.2,62219.05999999866,0.12291440995121454,4,12.5,0.6983773292682643,1
TATAELXSI,20190627,720.0,P,400,42,56985222,849.2,822.1,1490.4,546.15,353.10000000000014,53.80534867053335,741.5893026589333,1010.6160460116,359262435,1.1,62219.05999999866,0.06145720497560727,4,12.5,0.6983773292682643,1
TATAELXSI,20190627,700.0,P,400,42,56985222,849.2,822.1,1490.4,546.15,353.10000000000014,53.80534867053335,741.5893026589333,1010.6160460116,359262426,0.5,62219.05999999866,0.02793509317073057,4,12.5,0.6983773292682643,1
TATAGLOBA,20190530,170.0,P,2250,14,76814483,199.25,177.05,328.75,71.60000000000002,43.60000000000002,10.775000000000006,177.7,231.57500000000002,359263152,1.15,86161.79999999888,0.7829435019761924,3,1.65,1.123353720226711,1
TATAGLOBA,20190530,165.0,P,2250,14,76814483,199.25,177.05,328.75,71.60000000000002,43.60000000000002,10.775000000000006,177.7,231.57500000000002,359263147,0.6,86161.79999999888,0.40849226190062216,3,1.0,0.680820436501037,1
TATAGLOBA,20190530,160.0,P,2250,14,76814483,199.25,177.05,328.75,71.60000000000002,43.60000000000002,10.775000000000006,177.7,231.57500000000002,359263137,0.6,86161.79999999888,0.40849226190062216,3,1.0,0.680820436501037,1
TATAMOTOR,20190627,125.0,P,2000,42,94127580,169.45,131.0,443.45,117.4,86.30000000000001,21.905979347026314,125.63804130594735,235.1679380410789,360364182,1.4,63467.66000000015,0.38339736069256797,4,2.5,0.6846381440938716,1
TATAMOTOR,20190627,120.0,P,2000,42,94127580,169.45,131.0,443.45,117.4,86.30000000000001,21.905979347026314,125.63804130594735,235.1679380410789,360364173,0.95,63467.66000000015,0.2601624947556712,4,2.5,0.6846381440938716,1
TATAMOTOR,20190627,115.0,P,2000,42,94127580,169.45,131.0,443.45,117.4,86.30000000000001,21.905979347026314,125.63804130594735,235.1679380410789,360364167,0.6,63467.66000000015,0.16431315458252918,4,2.5,0.6846381440938716,1
TATASTEEL,20190627,390.0,P,1061,42,44652069,462.95,441.4,793.0,238.04999999999995,159.54999999999995,34.73915973005105,393.4716805398979,567.1674791901531,359175608,4.7,90344.96999999881,0.4796813549116037,1,7.0,0.7144190392300481,1
TATASTEEL,20190530,380.0,P,1061,14,44652069,462.95,441.4,793.0,158.19999999999993,103.25,34.73915973005105,393.4716805398979,567.1674791901531,355575864,2.05,90344.96999999881,0.6276681558949707,1,2.5,0.765448970603623,1
TATASTEEL,20190530,370.0,P,1061,14,44652069,462.95,441.4,793.0,158.19999999999993,103.25,34.73915973005105,393.4716805398979,567.1674791901531,355575858,1.25,90344.96999999881,0.3827244853018114,1,2.5,0.765448970603623,1
TORNTPOWE,20190530,210.0,P,3000,14,56986853,245.7,211.9,307.35,77.15000000000003,64.49999999999997,6.113737036833981,233.47252592633203,264.04121111050193,355563297,1.95,134447.04999999888,1.134408357363426,2,2.45,1.4252822951489201,1
TORNTPOWE,20190530,205.0,P,3000,14,56986853,245.7,211.9,307.35,77.15000000000003,64.49999999999997,6.113737036833981,233.47252592633203,264.04121111050193,359193890,0.4,134447.04999999888,0.2326991502283951,2,1.0,0.5817478755709878,1
TORNTPOWE,20190530,200.0,P,3000,14,56986853,245.7,211.9,307.35,77.15000000000003,64.49999999999997,6.113737036833981,233.47252592633203,264.04121111050193,355563288,0.55,134447.04999999888,0.31996133156404327,2,1.0,0.5817478755709878,1
TV18BRDCS,20190627,20.0,P,13000,42,56985560,27.2,26.2,70.8,21.250000000000007,21.75,3.125297208088998,20.949405583822003,36.575891624266994,359219707,0.1,79367.51999999955,0.14234562258741498,4,0.5,0.711728112937075,1
ULTRACEMC,20190530,3250.0,P,200,14,56983383,4342.35,3262.15,4686.0,707.6500000000001,700.5,240.997307128993,3860.3553857420143,5065.341921386979,359201505,1.05,161214.25,0.03396101771400481,1,21.5,0.6953922674772414,1
ULTRACEMC,20190530,3050.0,P,200,14,56983383,4342.35,3262.15,4686.0,707.6500000000001,700.5,240.997307128993,3860.3553857420143,5065.341921386979,359201490,1.1,161214.25,0.035578209033719325,1,21.5,0.6953922674772414,1
ULTRACEMC,20190530,3000.0,P,200,14,56983383,4342.35,3262.15,4686.0,707.6500000000001,700.5,240.997307128993,3860.3553857420143,5065.341921386979,355587586,1.15,161214.25,0.037195400353433834,1,21.5,0.6953922674772414,1
VGUARD,20190530,155.0,P,3000,14,245502600,203.9,159.4,254.9,50.85000000000002,39.89999999999998,7.515009564198847,188.8699808716023,226.44502869259654,355557688,0.15,114213.55999999866,0.10272110296836029,2,1.0,0.6848073531224018,1
VOLTAS,20190530,470.0,P,1000,14,56983785,560.0,472.25,675.3,139.5,110.70000000000005,21.285475390158265,517.4290492196835,623.8564261704748,359500974,1.5,101814.75999999978,0.3841009187385301,2,2.5,0.6401681978975501,1
VOLTAS,20190530,460.0,P,1000,14,56983785,560.0,472.25,675.3,139.5,110.70000000000005,21.285475390158265,517.4290492196835,623.8564261704748,359500964,1.05,101814.75999999978,0.26887064311697106,2,2.5,0.6401681978975501,1
VOLTAS,20190530,450.0,P,1000,14,56983785,560.0,472.25,675.3,139.5,110.70000000000005,21.285475390158265,517.4290492196835,623.8564261704748,359500957,0.65,101814.75999999978,0.16644373145336305,2,2.5,0.6401681978975501,1
WOCKPHARM,20190627,270.0,P,900,42,56983303,378.45,349.15,1012.0,319.0,331.9,50.82763319620333,276.79473360759334,530.93289958861,359203249,0.35,352220.20999999903,0.007772126420570833,4,31.5,0.6994913778513749,1
WOCKPHARM,20190627,260.0,P,900,42,56983303,378.45,349.15,1012.0,319.0,331.9,50.82763319620333,276.79473360759334,530.93289958861,359203242,0.2,352220.20999999903,0.0044412150974690486,4,31.5,0.6994913778513749,1
WOCKPHARM,20190530,300.0,P,900,14,56983303,378.45,349.15,1012.0,285.4,272.9,28.69929677564706,321.05140644870585,464.5478903269412,355581320,2.5,352220.20999999903,0.1665455661550893,4,10.5,0.699491377851375,1
ACC,20190627,1900.0,C,400,42,44652144,1554.5,1256.0,1857.45,356.35000000000014,422.9000000000001,112.70488445981114,1329.0902310803776,1892.6146533794335,359168198,0.7,114600.44999999925,0.021233191783569343,2,23.0,0.6976620157458497,1
ADANIENT,20190627,180.0,C,4000,42,56986798,117.4,72.025,179.5,57.3,96.6,14.204373637798218,88.99125272440357,160.01312091339466,359177815,0.1,175713.99000000022,0.019783231125708723,3,3.5,0.6924130893998055,1
ADANIENT,20190627,195.0,C,4000,42,56986798,117.4,72.025,179.5,57.3,96.6,14.204373637798218,88.99125272440357,160.01312091339466,359177838,0.05,175713.99000000022,0.009891615562854362,3,3.5,0.6924130893998055,1
ADANIENT,20190627,200.0,C,4000,42,56986798,117.4,72.025,179.5,57.3,96.6,14.204373637798218,88.99125272440357,160.01312091339466,359177845,0.05,175713.99000000022,0.009891615562854362,3,3.5,0.6924130893998055,1
ADANIPOWE,20190627,60.0,C,20000,42,70299711,38.65,15.15,58.35,22.7,37.25,5.7213023144219886,27.20739537115602,55.81390694326596,359220742,0.25,307581.3499999996,0.14127118224944718,1,1.0,0.5650847289977887,1
ADANIPOWE,20190627,62.5,C,20000,42,70299711,38.65,15.15,58.35,22.7,37.25,5.7213023144219886,27.20739537115602,55.81390694326596,359220748,0.15,307581.3499999996,0.08476270934966831,1,1.0,0.5650847289977887,1
ADANIPOWE,20190627,65.0,C,20000,42,70299711,38.65,15.15,58.35,22.7,37.25,5.7213023144219886,27.20739537115602,55.81390694326596,359220759,0.1,307581.3499999996,0.05650847289977888,1,1.0,0.5650847289977887,1
APOLLOHOS,20190627,1400.0,C,500,42,78607402,1156.45,910.1,1387.2,304.10000000000014,324.05000000000007,69.9175810043754,1016.6148379912493,1366.2027430131263,359209007,2.3,104578.62999999896,0.09556491244002449,2,17.0,0.7063493528175724,1
APOLLOHOS,20190627,1420.0,C,500,42,78607402,1156.45,910.1,1387.2,304.10000000000014,324.05000000000007,69.9175810043754,1016.6148379912493,1366.2027430131263,359209012,1.65,104578.62999999896,0.06855743718523495,2,17.0,0.7063493528175724,1
APOLLOHOS,20190627,1440.0,C,500,42,78607402,1156.45,910.1,1387.2,304.10000000000014,324.05000000000007,69.9175810043754,1016.6148379912493,1366.2027430131263,359209022,1.2,104578.62999999896,0.04985995431653452,2,17.0,0.7063493528175724,1
ASIANPAIN,20190530,1540.0,C,600,14,132214022,1305.95,1090.1,1529.8,181.1500000000001,197.70000000000005,61.31934481336084,1183.3113103732783,1489.9080344400827,355572847,1.9,143017.36999999918,0.20781691462672497,1,6.5,0.710952602670375,1
ASIANPAIN,20190530,1560.0,C,600,14,132214022,1305.95,1090.1,1529.8,181.1500000000001,197.70000000000005,61.31934481336084,1183.3113103732783,1489.9080344400827,355572852,1.25,143017.36999999918,0.1367216543596875,1,6.5,0.710952602670375,1
ASIANPAIN,20190530,1600.0,C,600,14,132214022,1305.95,1090.1,1529.8,181.1500000000001,197.70000000000005,61.31934481336084,1183.3113103732783,1489.9080344400827,355572868,0.6,143017.36999999918,0.06562639409264999,1,6.5,0.710952602670375,1
AUROPHARM,20190627,840.0,C,1000,42,83937139,709.55,527.25,837.65,146.19999999999993,262.20000000000005,37.77522786478841,633.9995442704231,822.8756835943652,359210594,2.9,841758.4899999984,0.029940156531573562,2,68.0,0.7020450497058629,1
AUROPHARM,20190627,850.0,C,1000,42,83937139,709.55,527.25,837.65,146.19999999999993,262.20000000000005,37.77522786478841,633.9995442704231,822.8756835943652,359210600,2.3,841758.4899999984,0.02374564138711007,2,68.0,0.7020450497058629,1
AUROPHARM,20190627,860.0,C,1000,42,83937139,709.55,527.25,837.65,146.19999999999993,262.20000000000005,37.77522786478841,633.9995442704231,822.8756835943652,359210611,1.8,841758.4899999984,0.018583545433390487,2,68.0,0.7020450497058629,1
BAJAJFINS,20190530,8250.0,C,125,14,56987991,7454.7,4500.0,7745.95,1602.3999999999996,1111.4000000000005,260.0602941083317,6934.579411783337,8234.880882324995,355582326,3.3,172146.6799999997,0.06247267902996621,1,37.0,0.7004512497299242,1
BAJAJFINS,20190530,8300.0,C,125,14,56987991,7454.7,4500.0,7745.95,1602.3999999999996,1111.4000000000005,260.0602941083317,6934.579411783337,8234.880882324995,359215014,2.4,172146.6799999997,0.04543467565815725,1,37.0,0.7004512497299242,1
BAJAJFINS,20190530,8500.0,C,125,14,56987991,7454.7,4500.0,7745.95,1602.3999999999996,1111.4000000000005,260.0602941083317,6934.579411783337,8234.880882324995,355582332,21.8,172146.6799999997,0.41269830389492834,1,37.0,0.7004512497299242,1
BERGEPAIN,20190627,350.0,C,2200,42,179252695,297.65,232.3,349.25,87.35000000000002,82.85000000000002,12.881235706768766,271.88752858646245,336.2937071203063,359199599,0.15,120927.73000000045,0.023715463300742787,2,4.5,0.7114638990222836,1
BERGEPAIN,20190530,350.0,C,2200,14,179252695,297.65,232.3,349.25,60.35000000000002,61.64999999999998,12.339287429536926,272.9714251409261,334.66786228861076,355556508,0.1,120927.73000000045,0.047430926601485575,2,1.5,0.7114638990222836,1
BHARATFIN,20190627,1240.0,C,500,42,77953834,851.85,824.2,1233.95,378.95000000000005,236.69999999999993,96.27012653749094,659.3097469250181,1140.6603796124728,359225882,0.5,77247.76999999955,0.028125330318520006,3,12.5,0.7031332579630002,3
BHARATFIN,20190627,1260.0,C,500,42,77953834,851.85,824.2,1233.95,378.95000000000005,236.69999999999993,96.27012653749094,659.3097469250181,1140.6603796124728,359225891,0.35,77247.76999999955,0.019687731222964005,3,12.5,0.7031332579630002,3
BIOCON,20190627,720.0,C,900,42,56987974,530.6,405.3,718.0,151.70000000000005,247.35000000000002,40.7414873337993,449.11702533240145,652.8244620013979,359198616,0.25,492572.09999999776,0.003969687164289557,3,44.0,0.6986649409149619,1
BIOCON,20190627,730.0,C,900,42,56987974,530.6,405.3,718.0,151.70000000000005,247.35000000000002,40.7414873337993,449.11702533240145,652.8244620013979,359198625,0.2,492572.09999999776,0.003175749731431645,3,44.0,0.6986649409149619,1
BIOCON,20190627,740.0,C,900,42,56987974,530.6,405.3,718.0,151.70000000000005,247.35000000000002,40.7414873337993,449.11702533240145,652.8244620013979,359198635,0.15,492572.09999999776,0.0023818122985737335,3,44.0,0.6986649409149619,1
BRITANNIA,20190627,3500.0,C,200,42,343576985,2687.75,2200.0,3467.175,839.1750000000002,617.0,162.52859673679365,2362.692806526413,3175.3357902103808,359162612,0.15,98549.83999999985,0.002645506940592558,2,39.5,0.6966501610227069,2
BRITANNIA,20190627,3550.0,C,200,42,343576985,2687.75,2200.0,3467.175,839.1750000000002,617.0,162.52859673679365,2362.692806526413,3175.3357902103808,359162622,0.1,98549.83999999985,0.0017636712937283724,2,39.5,0.6966501610227069,2
BRITANNIA,20190627,3600.0,C,200,42,343576985,2687.75,2200.0,3467.175,839.1750000000002,617.0,162.52859673679365,2362.692806526413,3175.3357902103808,359162629,0.05,98549.83999999985,0.0008818356468641862,2,39.5,0.6966501610227069,2
COLPAL,20190627,1400.0,C,700,42,56985419,1120.45,1019.0,1354.75,205.45000000000005,276.8499999999999,60.002412042356376,1000.4451759152873,1300.457236127069,359228317,0.05,143524.91000000015,0.0021192604591542077,1,16.5,0.6993559515208886,1
COLPAL,20190627,1420.0,C,700,42,56985419,1120.45,1019.0,1354.75,205.45000000000005,276.8499999999999,60.002412042356376,1000.4451759152873,1300.457236127069,359228324,0.05,143524.91000000015,0.0021192604591542077,1,16.5,0.6993559515208886,1
CONCOR,20190627,570.0,C,1563,42,322790806,476.6,433.675,569.25,102.70000000000005,122.92500000000001,23.28751433267748,430.02497133464504,546.4625429980324,359216814,1.0,135245.38999999873,0.10043384314773622,2,7.0,0.7030369020341536,1
CONCOR,20190627,580.0,C,1563,42,322790806,476.6,433.675,569.25,102.70000000000005,122.92500000000001,23.28751433267748,430.02497133464504,546.4625429980324,359216821,0.7,135245.38999999873,0.07030369020341534,2,7.0,0.7030369020341536,1
DIVISLAB,20190530,1780.0,C,400,14,56984084,1608.85,978.6,1771.1,197.29999999999995,350.45000000000005,45.40836804917001,1518.03326390166,1745.07510414751,359189124,1.5,741715.2599999979,0.021090110971772626,2,50.0,0.7030036990590876,1
DIVISLAB,20190530,1800.0,C,400,14,56984084,1608.85,978.6,1771.1,197.29999999999995,350.45000000000005,45.40836804917001,1518.03326390166,1745.07510414751,355559295,7.8,741715.2599999979,0.10966857705321767,2,50.0,0.7030036990590876,1
DIVISLAB,20190530,1820.0,C,400,14,56984084,1608.85,978.6,1771.1,197.29999999999995,350.45000000000005,45.40836804917001,1518.03326390166,1745.07510414751,359189134,6.2,741715.2599999979,0.08717245868332686,2,50.0,0.7030036990590876,1
DRREDDY,20190530,3050.0,C,250,14,44652180,2813.55,1872.95,2964.0,1003.9999999999998,1003.9999999999998,76.48352212565814,2660.582955748684,3043.000566376975,360363051,27.15,872497.0999999978,0.20281995370365344,2,93.5,0.69847755695365,1
DRREDDY,20190530,3100.0,C,250,14,44652180,2813.55,1872.95,2964.0,1003.9999999999998,1003.9999999999998,76.48352212565814,2660.582955748684,3043.000566376975,360363056,18.8,872497.0999999978,0.1404425462110013,2,93.5,0.69847755695365,1
DRREDDY,20190530,3150.0,C,250,14,44652180,2813.55,1872.95,2964.0,1003.9999999999998,1003.9999999999998,76.48352212565814,2660.582955748684,3043.000566376975,360363066,14.95,872497.0999999978,0.11168170563055685,2,93.5,0.69847755695365,1
EQUITAS,20190627,175.0,C,4000,42,230865250,127.9,80.45,173.65,82.74999999999999,54.10000000000001,9.055307136319646,109.78938572736071,155.06592140895896,359242093,0.05,95194.98000000045,0.01825826569946472,2,2.0,0.7303306279785888,1
EQUITAS,20190627,177.5,C,4000,42,230865250,127.9,80.45,173.65,82.74999999999999,54.10000000000001,9.055307136319646,109.78938572736071,155.06592140895896,359242102,0.05,95194.98000000045,0.01825826569946472,2,2.0,0.7303306279785888,1
EQUITAS,20190627,180.0,C,4000,42,230865250,127.9,80.45,173.65,82.74999999999999,54.10000000000001,9.055307136319646,109.78938572736071,155.06592140895896,359242108,0.05,95194.98000000045,0.01825826569946472,2,2.0,0.7303306279785888,1
FEDERALBN,20190530,117.0,C,7000,14,136316474,97.4,67.05,116.4,24.900000000000006,19.200000000000003,2.8356623081078474,91.7286753837843,105.90698692432355,359517136,0.25,130447.33999999985,0.349757994298696,2,0.5,0.699515988597392,2
FEDERALBN,20190530,117.5,C,7000,14,136316474,97.4,67.05,116.4,24.900000000000006,19.200000000000003,2.8356623081078474,91.7286753837843,105.90698692432355,359509937,0.25,130447.33999999985,0.349757994298696,2,0.5,0.699515988597392,2
GLENMARK,20190627,720.0,C,1000,42,56986291,588.45,493.5,711.9,151.89999999999998,164.75,29.29410798208111,529.8617840358378,676.3323239462434,359245140,2.5,668189.4600000009,0.03251501524162091,2,54.0,0.7023243292190118,1
GLENMARK,20190627,730.0,C,1000,42,56986291,588.45,493.5,711.9,151.89999999999998,164.75,29.29410798208111,529.8617840358378,676.3323239462434,359245150,1.95,668189.4600000009,0.025361711888464315,2,54.0,0.7023243292190118,1
GODFRYPHL,20190627,1340.0,C,700,42,174961888,1018.2,640.25,1209.9,356.15,363.60000000000014,104.78342038634815,808.6331592273037,1332.5502611590446,359228668,0.85,130078.83000000007,0.03975153630558739,2,15.0,0.7014976995103657,1
GODFRYPHL,20190627,1360.0,C,700,42,174961888,1018.2,640.25,1209.9,356.15,363.60000000000014,104.78342038634815,808.6331592273037,1332.5502611590446,359228679,0.6,130078.83000000007,0.02805990798041463,2,15.0,0.7014976995103657,1
GODFRYPHL,20190627,1380.0,C,700,42,174961888,1018.2,640.25,1209.9,356.15,363.60000000000014,104.78342038634815,808.6331592273037,1332.5502611590446,359228685,0.45,130078.83000000007,0.02104493098531097,2,15.0,0.7014976995103657,1
HCLTECH,20190530,1200.0,C,700,14,44652094,1065.45,824.85,1187.2,200.85000000000002,164.35000000000002,42.75623199195242,979.9375360160952,1193.7186959758574,355552965,2.75,137374.08999999985,0.36533454015964767,2,5.5,0.7306690803192953,1
HCLTECH,20190530,1240.0,C,700,14,44652094,1065.45,824.85,1187.2,200.85000000000002,164.35000000000002,42.75623199195242,979.9375360160952,1193.7186959758574,355552980,1.55,137374.08999999985,0.2059158317263469,2,5.5,0.7306690803192953,2
HCLTECH,20190530,1260.0,C,700,14,44652094,1065.45,824.85,1187.2,200.85000000000002,164.35000000000002,42.75623199195242,979.9375360160952,1193.7186959758574,355552990,1.55,137374.08999999985,0.2059158317263469,2,5.5,0.7306690803192953,2
HDFC,20190530,2080.0,C,500,14,77975259,1944.95,1641.4,2073.0,262.54999999999995,264.3499999999999,43.37398409842757,1858.202031803145,2075.0719522952827,359181661,15.5,177249.91999999993,1.1399360373678673,1,16.0,1.1767081676055404,1
HDFC,20190530,2100.0,C,500,14,77975259,1944.95,1641.4,2073.0,262.54999999999995,264.3499999999999,43.37398409842757,1858.202031803145,2075.0719522952827,355564172,12.1,177249.91999999993,0.8898855517516902,1,12.6,0.9266576819893633,1
HDFC,20190530,2120.0,C,500,14,77975259,1944.95,1641.4,2073.0,262.54999999999995,264.3499999999999,43.37398409842757,1858.202031803145,2075.0719522952827,359181668,9.55,177249.91999999993,0.702347687539557,1,10.05,0.7391198177772302,1
HINDUNILV,20190627,1880.0,C,300,42,44652060,1671.05,1241.25,1869.5,331.20000000000005,390.0,52.14162255581036,1566.7667548883792,1827.474867667431,359212559,2.5,92084.23000000045,0.07078146977888736,2,24.5,0.6936584038330958,1
HINDUNILV,20190627,1900.0,C,300,42,44652060,1671.05,1241.25,1869.5,331.20000000000005,390.0,52.14162255581036,1566.7667548883792,1827.474867667431,359212564,1.7,92084.23000000045,0.0481313994496434,2,24.5,0.6936584038330958,1
HINDUNILV,20190627,1920.0,C,300,42,44652060,1671.05,1241.25,1869.5,331.20000000000005,390.0,52.14162255581036,1566.7667548883792,1827.474867667431,359212574,1.15,92084.23000000045,0.03255947609828818,2,24.5,0.6936584038330958,1
IGL,20190627,375.0,C,2750,42,294350643,300.65,215.2,343.35,104.80000000000001,82.69999999999999,19.527059820915856,261.59588035816824,359.23117946274755,359246847,0.6,151583.02999999933,0.09459690648937269,1,4.5,0.7094767986702953,1
INDUSINDB,20190627,2040.0,C,300,42,56985651,1379.0,1333.55,2037.95,618.4000000000001,403.75,141.51600728117091,1095.9679854376582,1803.5480218435127,359171221,0.8,75009.27999999933,0.0278060832701541,3,20.0,0.6951520817538525,3
INDUSINDB,20190627,2060.0,C,300,42,56985651,1379.0,1333.55,2037.95,618.4000000000001,403.75,141.51600728117091,1095.9679854376582,1803.5480218435127,359171231,0.65,75009.27999999933,0.02259244265700021,3,20.0,0.6951520817538525,3
INDUSINDB,20190627,2080.0,C,300,42,56985651,1379.0,1333.55,2037.95,618.4000000000001,403.75,141.51600728117091,1095.9679854376582,1803.5480218435127,359171238,0.55,75009.27999999933,0.019116682248230942,3,20.0,0.6951520817538525,3
INFY,20190530,780.0,C,1200,14,44652017,716.1,478.525,772.85,98.39999999999998,107.45000000000005,16.044058782684232,684.0118824346316,764.2321763480527,355564767,2.0,158743.13999999873,0.3941677641719137,1,3.5,0.6897935873008488,1
INFY,20190530,790.0,C,1200,14,44652017,716.1,478.525,772.85,98.39999999999998,107.45000000000005,16.044058782684232,684.0118824346316,764.2321763480527,355564774,1.5,158743.13999999873,0.2956258231289352,1,3.5,0.6897935873008488,1
INFY,20190530,800.0,C,1200,14,44652017,716.1,478.525,772.85,98.39999999999998,107.45000000000005,16.044058782684232,684.0118824346316,764.2321763480527,355564780,1.15,158743.13999999873,0.2266464643988503,1,3.5,0.6897935873008488,1
ITC,20190627,332.5,C,2400,42,44652040,297.05,250.0,322.95,59.14999999999998,61.450000000000045,10.983787079195753,275.0824258416085,330.0013612375873,359230004,1.1,131675.54999999888,0.1742377923833038,2,4.5,0.7127909688407882,1
ITC,20190530,325.0,C,2400,14,44652040,297.05,250.0,322.95,42.69999999999999,40.599999999999966,5.025562753735698,286.9988744925286,312.1266882612071,355567300,0.8,131675.54999999888,0.38015518338175375,2,1.5,0.7127909688407882,1
ITC,20190530,330.0,C,2400,14,44652040,297.05,250.0,322.95,42.69999999999999,40.599999999999966,5.025562753735698,286.9988744925286,312.1266882612071,355567310,0.55,131675.54999999888,0.2613566885749557,2,1.5,0.7127909688407882,1
JUBLFOOD,20190530,1580.0,C,500,14,72513009,1242.5,822.95,1578.0,427.5999999999999,266.5,75.09107930930786,1092.3178413813844,1467.7732379279237,359249726,1.95,114001.16999999993,0.22297703485975515,2,6.0,0.686083184183862,2
JUSTDIAL,20190530,680.0,C,1400,14,128882870,576.15,358.05,675.0,288.45,235.5,23.457321089553645,529.2353578208927,646.5219632686609,355572604,3.6,171242.9699999988,0.7673307698412433,1,4.1,0.873904487874749,1
JUSTDIAL,20190530,700.0,C,1400,14,128882870,576.15,358.05,675.0,288.45,235.5,23.457321089553645,529.2353578208927,646.5219632686609,355572614,1.5,171242.9699999988,0.319721154100518,1,3.5,0.746016026234542,1
JUSTDIAL,20190530,720.0,C,1400,14,128882870,576.15,358.05,675.0,288.45,235.5,23.457321089553645,529.2353578208927,646.5219632686609,355572620,2.3,171242.9699999988,0.49023910295412754,1,3.5,0.746016026234542,1
KOTAKBANK,20190627,1620.0,C,400,42,78743661,1395.8,992.5,1435.5,273.54999999999995,324.9000000000001,69.88190672148794,1256.0361865570242,1605.4457201644636,359167207,0.5,102524.13999999873,0.01695303406685742,2,20.5,0.6950743967411542,1
LT,20190627,1500.0,C,375,42,44652051,1325.8,1175.0,1469.95,258.60000000000014,294.95000000000005,53.169140706217036,1219.4617185875659,1485.3074221186512,359176638,12.8,91416.0,0.45631274300216285,3,19.5,0.6951639444173574,1
LT,20190530,1480.0,C,375,14,44652051,1325.8,1175.0,1469.95,190.95000000000005,222.70000000000005,19.602692275133816,1286.5946154497324,1384.6080768254014,355557351,4.25,91416.0,0.45453027134981067,3,6.5,0.6951639444173574,1
LT,20190530,1500.0,C,375,14,44652051,1325.8,1175.0,1469.95,190.95000000000005,222.70000000000005,19.602692275133816,1286.5946154497324,1384.6080768254014,355557357,3.15,91416.0,0.33688714229456546,3,6.5,0.6951639444173574,1
MARICO,20190530,400.0,C,2600,14,56987333,355.05,284.05,396.5,67.34999999999997,57.25,9.056727816932584,336.93654436613485,382.2201834507978,355560574,1.35,168830.25,0.542027949882881,1,1.5,0.6022532776476456,1
MARICO,20190530,405.0,C,2600,14,56987333,355.05,284.05,396.5,67.34999999999997,57.25,9.056727816932584,336.93654436613485,382.2201834507978,359200357,0.3,168830.25,0.12045065552952912,1,1.5,0.6022532776476456,1
MARICO,20190530,410.0,C,2600,14,56987333,355.05,284.05,396.5,67.34999999999997,57.25,9.056727816932584,336.93654436613485,382.2201834507978,355560580,0.6,168830.25,0.24090131105905824,1,1.5,0.6022532776476456,1
MGL,20190627,1180.0,C,600,42,239032762,845.95,760.0,1163.0,255.79999999999995,216.04999999999995,59.29783051313085,727.3543389737383,1023.8434915393925,359173484,0.3,92806.86999999918,0.016855279294363965,2,12.5,0.7023033039318318,2
MUTHOOTFI,20190530,640.0,C,1500,14,87790418,571.85,356.1,631.9,122.89999999999998,121.30000000000001,19.81175499784593,532.2264900043082,631.2852649935378,359255749,2.0,157320.23000000045,0.49716610326774563,1,3.0,0.7457491549016185,1
MUTHOOTFI,20190530,650.0,C,1500,14,87790418,571.85,356.1,631.9,122.89999999999998,121.30000000000001,19.81175499784593,532.2264900043082,631.2852649935378,359256223,1.25,157320.23000000045,0.310728814542341,1,3.0,0.7457491549016185,1
MUTHOOTFI,20190530,660.0,C,1500,14,87790418,571.85,356.1,631.9,122.89999999999998,121.30000000000001,19.81175499784593,532.2264900043082,631.2852649935378,359255759,0.95,157320.23000000045,0.23615389905217918,1,3.0,0.7457491549016185,1
NESTLEIND,20190627,11800.0,C,50,42,64687316,10268.55,6887.25,11751.0,2640.0,2262.4500000000007,397.6801075922449,9473.18978481551,11461.590322776734,359174847,21.9,93700.62999999896,0.10155824383007386,2,151.0,0.7002417725269934,1
NESTLEIND,20190627,11900.0,C,50,42,64687316,10268.55,6887.25,11751.0,2640.0,2262.4500000000007,397.6801075922449,9473.18978481551,11461.590322776734,359174855,17.25,93700.62999999896,0.07999450712642803,2,151.0,0.7002417725269934,1
NESTLEIND,20190627,12000.0,C,50,42,64687316,10268.55,6887.25,11751.0,2640.0,2262.4500000000007,397.6801075922449,9473.18978481551,11461.590322776734,359174861,13.5,93700.62999999896,0.06260439688155238,2,151.0,0.7002417725269934,1
NIITTECH,20190627,1540.0,C,750,42,56984634,1260.0,604.05,1425.2,387.5,403.20000000000005,88.84517485779381,1082.3096502844123,1526.5355245733813,359207892,0.05,173136.94999999925,0.0018822836901242548,1,18.5,0.6964449653459742,1
NIITTECH,20190627,1580.0,C,750,42,56984634,1260.0,604.05,1425.2,387.5,403.20000000000005,88.84517485779381,1082.3096502844123,1526.5355245733813,359207911,0.05,173136.94999999925,0.0018822836901242548,1,18.5,0.6964449653459742,1
NIITTECH,20190627,1600.0,C,750,42,56984634,1260.0,604.05,1425.2,387.5,403.20000000000005,88.84517485779381,1082.3096502844123,1526.5355245733813,359207917,0.05,173136.94999999925,0.0018822836901242548,1,18.5,0.6964449653459742,1
ORIENTBAN,20190627,137.5,C,7000,42,56983614,90.2,58.0,135.9,51.95,40.650000000000006,10.77369388178439,68.65261223643122,122.52108164535318,359182940,0.05,116718.13999999873,0.026059930929902587,2,1.5,0.7817979278970775,2
PFC,20190530,130.0,C,6200,14,56986985,107.15,67.5,129.5,26.049999999999997,27.700000000000003,5.138876736243215,96.87224652751358,122.56663020872965,355570862,0.3,129584.50999999978,0.3742180075601414,2,0.5,0.6236966792669024,1
PFC,20190530,132.5,C,6200,14,56986985,107.15,67.5,129.5,26.049999999999997,27.700000000000003,5.138876736243215,96.87224652751358,122.56663020872965,355570869,0.2,129584.50999999978,0.24947867170676102,2,0.5,0.6236966792669024,1
PFC,20190530,135.0,C,6200,14,56986985,107.15,67.5,129.5,26.049999999999997,27.700000000000003,5.138876736243215,96.87224652751358,122.56663020872965,355570879,0.15,129584.50999999978,0.1871090037800707,2,0.5,0.6236966792669024,2
PIDILITIN,20190530,1320.0,C,500,14,56986764,1164.55,825.0,1312.6,247.4000000000001,244.2500000000001,51.763400703812664,1061.0231985923747,1319.840202111438,355586292,2.1,106230.54999999888,0.25769423202647723,2,5.5,0.6749134648312499,1
PIDILITIN,20190530,1340.0,C,500,14,56986764,1164.55,825.0,1312.6,247.4000000000001,244.2500000000001,51.763400703812664,1061.0231985923747,1319.840202111438,355586302,0.1,106230.54999999888,0.012271153906022726,2,5.5,0.6749134648312499,1
PIDILITIN,20190530,1400.0,C,500,14,56986764,1164.55,825.0,1312.6,247.4000000000001,244.2500000000001,51.763400703812664,1061.0231985923747,1319.840202111438,355586324,0.55,106230.54999999888,0.06749134648312498,2,5.5,0.6749134648312499,1
PVR,20190530,1900.0,C,400,14,56987108,1717.0,1063.95,1823.8,361.04999999999995,268.5,58.25203495443815,1600.4959300911237,1891.7561048633145,355575415,8.0,126397.84999999963,0.6600473934372434,2,8.5,0.701300355527071,1
PVR,20190530,1920.0,C,400,14,56987108,1717.0,1063.95,1823.8,361.04999999999995,268.5,58.25203495443815,1600.4959300911237,1891.7561048633145,359192983,0.95,126397.84999999963,0.07838062797067265,2,8.5,0.701300355527071,1
RAMCOCEM,20190530,880.0,C,800,14,56987148,730.35,546.9,879.1,125.35000000000002,157.6500000000001,25.314761337654236,679.7204773246915,806.2942840129627,355720751,0.05,107001.11999999918,0.009746226421341672,2,3.5,0.6822358494939171,1
RAMCOCEM,20190530,890.0,C,800,14,56987148,730.35,546.9,879.1,125.35000000000002,157.6500000000001,25.314761337654236,679.7204773246915,806.2942840129627,355720756,0.05,107001.11999999918,0.009746226421341672,2,3.5,0.6822358494939171,2
RBLBANK,20190530,700.0,C,1200,14,246723708,652.25,438.45,691.45,127.79999999999995,122.69999999999999,14.993536258506397,622.2629274829872,697.2306087755192,355561711,5.7,140682.6799999997,1.2675943579449285,1,6.2,1.378786845483957,1
RBLBANK,20190530,710.0,C,1200,14,246723708,652.25,438.45,691.45,127.79999999999995,122.69999999999999,14.993536258506397,622.2629274829872,697.2306087755192,359183252,3.95,140682.6799999997,0.8784206515583276,1,4.45,0.9896131390973564,1
RBLBANK,20190530,720.0,C,1200,14,246723708,652.25,438.45,691.45,127.79999999999995,122.69999999999999,14.993536258506397,622.2629274829872,697.2306087755192,355561716,2.55,140682.6799999997,0.5670816864490469,1,3.0,0.6671549252341727,1
RECLTD,20190530,167.5,C,6000,14,56984788,135.35,89.0,165.25,27.799999999999997,30.25,6.840539238320753,121.66892152335849,155.87161771496227,359507234,0.05,154348.87999999896,0.05067369825701764,1,0.5,0.5067369825701763,1
RECLTD,20190530,170.0,C,6000,14,56984788,135.35,89.0,165.25,27.799999999999997,30.25,6.840539238320753,121.66892152335849,155.87161771496227,359507240,0.15,154348.87999999896,0.1520210947710529,1,0.5,0.5067369825701763,1
RECLTD,20190530,175.0,C,6000,14,56984788,135.35,89.0,165.25,27.799999999999997,30.25,6.840539238320753,121.66892152335849,155.87161771496227,359507257,0.15,154348.87999999896,0.1520210947710529,1,0.5,0.5067369825701763,1
RELIANCE,20190530,1460.0,C,500,14,44652000,1256.9,864.6,1417.5,246.1500000000001,182.0,66.7570043750923,1123.3859912498156,1457.1710131252769,355575716,5.6,115479.86999999918,0.632144805843655,2,6.0,0.6772980062610588,2
RELIANCE,20190530,1480.0,C,500,14,44652000,1256.9,864.6,1417.5,246.1500000000001,182.0,66.7570043750923,1123.3859912498156,1457.1710131252769,355575726,4.55,115479.86999999918,0.5136176547479697,2,6.0,0.6772980062610588,2
RELIANCE,20190530,1500.0,C,500,14,44652000,1256.9,864.6,1417.5,246.1500000000001,182.0,66.7570043750923,1123.3859912498156,1457.1710131252769,355575733,3.85,115479.86999999918,0.43459955401751277,2,6.0,0.6772980062610588,2
SHREECEM,20190530,21250.0,C,50,14,56989171,19013.6,13100.0,20200.0,3486.7000000000007,3200.0,706.6985016534513,17600.202996693097,21133.695504960353,359218966,3.5,175021.7199999988,0.026068193136257786,1,94.0,0.7001171870880661,1
SHREECEM,20190530,21500.0,C,50,14,56989171,19013.6,13100.0,20200.0,3486.7000000000007,3200.0,706.6985016534513,17600.202996693097,21133.695504960353,355554397,1.65,175021.7199999988,0.012289291049950095,1,94.0,0.7001171870880661,1
SHREECEM,20190530,21750.0,C,50,14,56989171,19013.6,13100.0,20200.0,3486.7000000000007,3200.0,706.6985016534513,17600.202996693097,21133.695504960353,359218972,0.75,175021.7199999988,0.005586041386340953,1,94.0,0.7001171870880661,1
SIEMENS,20190627,1340.0,C,550,42,44652105,1073.9,851.15,1336.0,273.0,260.95000000000005,78.15349290446517,917.5930141910698,1308.3604787133957,359195789,2.05,110761.77999999933,0.08846473851144289,2,16.0,0.6904564956990664,2
SIEMENS,20190530,1400.0,C,550,14,44652105,1073.9,851.15,1336.0,206.25,171.3499999999999,52.350228327063654,969.1995433458728,1230.950684981191,355587509,0.85,110761.77999999933,0.1100415040020387,2,5.5,0.7120332611896621,2
TCS,20190627,2400.0,C,250,42,44652015,2095.4,1247.5,2275.95,491.39999999999986,445.8499999999999,97.57816188144265,1900.2436762371149,2388.134485644328,359233132,13.0,96092.24000000022,0.2939264150679342,2,31.0,0.7009014513158431,1
TCS,20190530,2350.0,C,250,14,44652015,2095.4,1247.5,2275.95,416.9499999999998,332.7249999999999,76.72442116250234,1941.9511576749953,2325.573263487507,355562262,4.55,96092.24000000022,0.30862273582133093,2,10.5,0.7122063134338407,1
TCS,20190530,2360.0,C,250,14,44652015,2095.4,1247.5,2275.95,416.9499999999998,332.7249999999999,76.72442116250234,1941.9511576749953,2325.573263487507,359232797,5.0,96092.24000000022,0.3391458635399241,2,10.5,0.7122063134338407,1
TECHM,20190530,850.0,C,1200,14,187395599,790.3,462.65,846.1,115.64999999999998,134.64999999999998,18.599483054541963,753.101033890916,846.0984491636259,359196462,6.5,173784.79999999888,1.1701664521704094,1,7.0,1.260179256183518,1
TECHM,20190530,860.0,C,1200,14,187395599,790.3,462.65,846.1,115.64999999999998,134.64999999999998,18.599483054541963,753.101033890916,846.0984491636259,355580533,5.1,173784.79999999888,0.9181306009337059,1,5.6,1.0081434049468143,1
TECHM,20190530,870.0,C,1200,14,187395599,790.3,462.65,846.1,115.64999999999998,134.64999999999998,18.599483054541963,753.101033890916,846.0984491636259,359196469,4.0,173784.79999999888,0.7201024321048674,1,4.5,0.8101152361179758,1
TORNTPHAR,20190627,1980.0,C,500,42,56986878,1631.55,1221.2,1962.0,361.35000000000014,466.1500000000001,89.249710643304,1453.050578713392,1899.299131929912,359206972,1.6,903534.6099999994,0.007694648191042684,1,145.5,0.6997320698729441,1
TORNTPHAR,20190627,2000.0,C,500,42,56986878,1631.55,1221.2,1962.0,361.35000000000014,466.1500000000001,89.249710643304,1453.050578713392,1899.299131929912,359206980,1.2,903534.6099999994,0.005770986143282013,1,145.5,0.6997320698729441,1
TORNTPHAR,20190530,2000.0,C,500,14,56986878,1631.55,1221.2,1962.0,289.25,361.04999999999995,89.249710643304,1453.050578713392,1899.299131929912,355571431,0.8,903534.6099999994,0.011541972286564027,1,48.5,0.6997320698729441,1
VGUARD,20190627,260.0,C,3000,42,245502600,203.9,159.4,254.9,69.9,73.69999999999999,12.761851385224105,178.3762972295518,242.18555415567232,359202837,0.05,114213.55999999866,0.011413455885373366,2,3.0,0.6848073531224019,1
VGUARD,20190627,265.0,C,3000,42,245502600,203.9,159.4,254.9,69.9,73.69999999999999,12.761851385224105,178.3762972295518,242.18555415567232,359202847,0.05,114213.55999999866,0.011413455885373366,2,3.0,0.6848073531224019,1
WIPRO,20190627,340.0,C,3200,42,44652030,283.0,190.2,299.45,38.275000000000006,58.07500000000002,18.01754873421377,246.96490253157248,337.0526462026413,359184311,0.2,168880.79999999888,0.03293390818793373,1,4.5,0.741012934228509,1
WIPRO,20190627,345.0,C,3200,42,44652030,283.0,190.2,299.45,38.275000000000006,58.07500000000002,18.01754873421377,246.96490253157248,337.0526462026413,359184317,0.1,168880.79999999888,0.016466954093966864,1,4.5,0.741012934228509,1
WIPRO,20190627,350.0,C,3200,42,44652030,283.0,190.2,299.45,38.275000000000006,58.07500000000002,18.01754873421377,246.96490253157248,337.0526462026413,359184325,0.1,168880.79999999888,0.016466954093966864,1,4.5,0.741012934228509,1
