symbol,expiration,strike,right,dte,margin,undPrice,lot,undId,lo52,hi52,Fall,Rise,Std,loStd,hiStd,optId,optPrice,optMargin,rom,remqty,expPrice,expRom,qty
AAPL,20190621,140.0,P,37,1207,188.9,100,265598,142.0,233.47,75.76000000000002,42.22,19.122050786006877,150.65589842798624,246.26615235802063,308586955,0.29,134.8000000000029,2.1222632127676175,2,0.33999999999999997,2.4881706632447935,1
AAPL,20190621,135.0,P,37,1207,188.9,100,265598,142.0,233.47,75.76000000000002,42.22,19.122050786006877,150.65589842798624,246.26615235802063,308586948,0.2,114.00999999999478,1.7305262459197117,2,0.25,2.16315780739964,1
AAPL,20190621,130.0,P,37,1207,188.9,100,265598,142.0,233.47,75.76000000000002,42.22,19.122050786006877,150.65589842798624,246.26615235802063,308586945,0.14,94.67999999999302,1.4586830176184866,2,0.19,1.9796412381965174,1
ACN,20190628,130.0,P,44,1111,173.61,100,67889930,132.63,183.35,35.74000000000001,30.210000000000008,13.281293836937131,147.04741232612577,213.4538815108114,365802191,0.35,117.11000000000057,2.4792153453241195,2,0.39999999999999997,2.8333889660847085,2
ACN,20190621,130.0,P,37,1111,173.61,100,67889930,132.63,183.35,35.74000000000001,27.47,13.281293836937131,147.04741232612577,213.4538815108114,315853195,0.2,118.86000000000057,1.659913320690698,2,0.25,2.0748916508633726,2
ACN,20190621,125.0,P,37,1111,173.61,100,67889930,132.63,183.35,35.74000000000001,27.47,13.281293836937131,147.04741232612577,213.4538815108114,315853188,0.2,98.61999999999534,2.0005809906439525,2,0.25,2.5007262383049405,2
ADBE,20190621,165.0,P,37,1740,272.735,100,265768,165.68,291.71,70.00999999999996,58.420000000000016,18.620587949849458,235.49382410030108,328.5967638495484,316298060,0.1,82.58999999999652,1.1944381722805764,1,0.15000000000000002,1.7916572584208648,1
ADBE,20190621,155.0,P,37,1740,272.735,100,265768,165.68,291.71,70.00999999999996,58.420000000000016,18.620587949849458,235.49382410030108,328.5967638495484,316298054,0.07,61.08000000000175,1.1305509832032103,1,0.12000000000000001,1.9380873997769317,1
ADBE,20190621,150.0,P,37,1740,272.735,100,265768,165.68,291.71,70.00999999999996,58.420000000000016,18.620587949849458,235.49382410030108,328.5967638495484,316298051,0.06,51.80000000000291,1.1426484399456731,1,0.11,2.094855473233734,1
AGN,20190531,125.0,P,16,877,135.96,100,196610642,125.84,197.0,38.44,32.85000000000001,4.457459204746963,127.04508159050609,149.3323776142409,360766942,0.94,298.52999999999884,7.183113924898698,3,0.99,7.565194452818842,1
AGN,20190524,125.0,P,9,877,135.96,100,196610642,125.84,197.0,36.81,26.909999999999997,4.0980045537205045,127.763990892559,148.25401366116154,360121029,0.62,275.5800000000017,9.124190595995461,3,0.67,9.860012418253158,1
AGN,20190524,124.0,P,9,877,135.96,100,196610642,125.84,197.0,36.81,26.909999999999997,4.0980045537205045,127.763990892559,148.25401366116154,361266108,0.52,253.00999999999482,8.335199750558997,3,0.5700000000000001,9.136661265035826,1
AIG,20190621,36.0,P,37,329,51.629999999999995,100,61319701,36.16,65.05,15.68,9.809999999999995,3.16738987012087,45.29522025975825,61.13216961036261,357114391,0.01,24.80000000000291,0.39777680906708496,9,0.07,2.784437663469595,1
AMZN,20190621,1120.0,P,37,38553,1840.0,100,3691937,1124.74,2050.5,613.2,471.3399999999999,137.4564003199826,1565.087199360035,2252.3692009599476,280233421,0.5,546.959999999992,0.90179033794656,1,0.55,0.9919693717412161,1
AMZN,20190531,1120.0,P,16,38553,1840.0,100,3691937,1124.74,2050.5,471.3399999999999,398.0,85.77962782998671,1668.4407443400266,2097.33888348996,360990538,0.23,500.01999999998947,1.049333026678955,1,0.28,1.2774489020439452,1
AMZN,20190531,1100.0,P,16,38553,1840.0,100,3691937,1124.74,2050.5,471.3399999999999,398.0,85.77962782998671,1668.4407443400266,2097.33888348996,360990525,0.22,460.86999999999534,1.0889730292707382,1,0.27,1.3364668995595421,1
AXP,20190621,85.0,P,37,753,117.23,100,4721,87.54,119.66,25.5,19.42,7.07218586506322,103.08562826987357,138.44655759518966,361540817,0.07,66.33000000000176,1.0410682052472822,4,0.12000000000000001,1.784688351852484,4
BA,20190628,265.0,P,44,2361,343.25,100,4762,266.15,446.01,97.66999999999996,148.95,35.13492237462376,272.9801552507525,448.6547671238713,365645968,1.05,341.31999999999243,2.551924080841282,1,1.1,2.673444275167058,1
BA,20190524,265.0,P,9,2361,343.25,100,4762,266.15,446.01,82.68,72.38999999999999,14.374460699732815,314.50107860053436,386.37338209919847,360373481,0.18,247.5,2.9494949494949494,1,0.22999999999999998,3.7687991021324354,1
BA,20190524,260.0,P,9,2361,343.25,100,4762,266.15,446.01,82.68,72.38999999999999,14.374460699732815,314.50107860053436,386.37338209919847,360542981,0.17,221.55999999999767,3.111773083789726,1,0.22000000000000003,4.02700046137494,1
BAC,20190621,22.0,P,37,183,28.64,100,10098,22.66,33.05,6.460000000000001,7.059999999999999,2.0149434595198272,24.610113080960346,34.68483037855948,335001216,0.06,23.769999999989523,2.4900794778803226,17,0.11,4.565145709447259,17
BAC,20190621,21.0,P,37,183,28.64,100,10098,22.66,33.05,6.460000000000001,7.059999999999999,2.0149434595198272,24.610113080960346,34.68483037855948,335001215,0.04,19.05000000000291,2.0713627012836446,17,0.09,4.660566077888201,17
BAC,20190531,22.5,P,16,183,28.64,100,10098,22.66,33.05,6.379999999999999,6.309999999999999,1.1239720731981921,26.392055853603615,32.011916219594575,360543864,0.02,21.989999999990687,2.0748067303328477,17,0.07,7.261823556164968,1
BK,20190531,43.0,P,16,306,47.1,100,44986804,43.67,58.99,8.309999999999995,7.909999999999997,1.835451393576473,43.429097212847054,52.60635418072942,361270487,0.16,79.69999999999709,4.579673776662651,10,0.21000000000000002,6.010821831869731,1
BK,20190531,42.5,P,16,306,47.1,100,44986804,43.67,58.99,8.309999999999995,7.909999999999997,1.835451393576473,43.429097212847054,52.60635418072942,361270452,0.13,72.44000000000233,4.093905300938577,10,0.18,5.668484262838029,1
BK,20190524,43.0,P,9,306,47.1,100,44986804,43.67,58.99,6.240000000000002,6.899999999999999,1.7517324262157044,43.596535147568595,52.35519727864711,361270347,0.09,73.84999999999127,4.942450914015479,10,0.14,7.688256977357414,1
BLK,20190621,360.0,P,37,2878,445.86,100,5049,360.79,594.52,115.69,103.78999999999996,29.310705344723672,387.2385893105527,533.792116034171,361551289,1.4,465.86999999999534,2.9645203191471765,1,1.45,3.0703960448310035,1
BLK,20190614,360.0,P,30,2878,445.86,100,5049,360.79,594.52,115.69,94.50999999999999,23.784924099775882,398.29015180044826,517.2147722993277,365355224,1.1,430.4499999999971,3.1091493398381753,1,1.1500000000000001,3.2504743098308198,1
BLK,20190614,355.0,P,30,2878,445.86,100,5049,360.79,594.52,115.69,94.50999999999999,23.784924099775882,398.29015180044826,517.2147722993277,365641964,1.05,378.9199999999983,3.3714240472923196,1,1.1,3.5319680495443353,1
BRK B,20190628,182.5,P,44,1332,203.98000000000002,100,72063691,184.74,224.07,37.49000000000001,37.49000000000001,7.02414876983883,189.93170246032236,225.0524463095165,365357643,0.96,327.3799999999901,2.432536002088278,2,1.01,2.5592305855303756,1
BRK B,20190607,182.5,P,23,1332,203.98000000000002,100,72063691,184.74,224.07,37.49000000000001,27.439999999999998,5.282262751971153,193.4154744960577,219.82678825591347,362357759,0.44,285.30000000000285,2.447461863179847,2,0.49,2.7255825294502842,1
BRK B,20190607,175.0,P,23,1332,203.98000000000002,100,72063691,184.74,224.07,37.49000000000001,27.439999999999998,5.282262751971153,193.4154744960577,219.82678825591347,362357742,0.38,221.72999999999595,2.7197198316009588,2,0.43,3.0775777041800323,1
C,20190621,47.5,P,37,418,65.3,100,87335484,48.42,80.7,20.58,18.039999999999992,5.219711834235383,54.86057633152923,80.95913550270615,288942779,0.1,43.27999999999884,2.279312584303403,7,0.15000000000000002,3.4189688764551054,1
C,20190621,45.0,P,37,418,65.3,100,87335484,48.42,80.7,20.58,18.039999999999992,5.219711834235383,54.86057633152923,80.95913550270615,288942772,0.06,33.379999999990105,1.7731932051889379,7,0.11,3.250854209513052,1
C,20190621,42.5,P,37,418,65.3,100,87335484,48.42,80.7,20.58,18.039999999999992,5.219711834235383,54.86057633152923,80.95913550270615,288942769,0.07,25.5,2.708002119766826,7,0.12000000000000001,4.642289348171701,7
CAT,20190524,112.0,P,9,814,127.76,100,5437,112.06,173.24,32.150000000000006,23.159999999999997,5.026953451147126,117.70609309770575,142.84086035344137,365646117,0.35,187.31999999999243,7.57764490948378,3,0.39999999999999997,8.660165610838607,1
CAT,20190524,111.0,P,9,814,127.76,100,5437,112.06,173.24,32.150000000000006,23.159999999999997,5.026953451147126,117.70609309770575,142.84086035344137,365646093,0.31,173.86999999999534,7.23081740508573,3,0.36,8.39707827687375,1
CAT,20190524,110.0,P,9,814,127.76,100,5437,112.06,173.24,32.150000000000006,23.159999999999997,5.026953451147126,117.70609309770575,142.84086035344137,360127123,0.27,162.51999999998952,6.737632291410723,3,0.32,7.985341975005301,1
CELG,20190621,55.0,P,37,611,94.68,100,267455,58.59,110.81,26.060000000000002,32.91,9.639468821421623,75.40106235715676,123.59840646426488,302635822,0.01,22.66999999999825,0.4351506336508878,5,0.07,3.046054435556215,5
CHTR,20190621,250.0,P,37,2397,374.15,100,233674866,250.1,396.64,119.41,84.11000000000001,30.280586255883367,313.5888274882332,464.9917587676501,338219540,0.25,153.63999999999942,1.6051914971467232,1,0.3,1.9262297965760677,1
CHTR,20190621,245.0,P,37,2397,374.15,100,233674866,250.1,396.64,119.41,84.11000000000001,30.280586255883367,313.5888274882332,464.9917587676501,338219516,0.2,140.64999999999418,1.4027536245809133,1,0.25,1.7534420307261416,1
CMCSA,20190621,30.0,P,37,274,43.14,100,267748,30.43,44.0,9.850000000000001,7.520000000000003,2.807518942324115,37.52496211535177,51.56255682697235,316300630,0.03,20.110000000000586,1.4716357331971026,11,0.08,3.924361955192274,11
COF,20190621,65.0,P,37,569,89.26,100,5941,69.9,106.5,21.69999999999999,17.75,4.903817789432718,79.45236442113458,103.97145336829816,338232207,0.15,53.95999999999186,2.7422715525017662,5,0.2,3.6563620700023547,5
COF,20190621,60.0,P,37,569,89.26,100,5941,69.9,106.5,21.69999999999999,17.75,4.903817789432718,79.45236442113458,103.97145336829816,338902817,0.11,38.73999999999069,2.8010715930185754,5,0.16,4.074285953481564,5
COF,20190621,55.0,P,37,569,89.26,100,5941,69.9,106.5,21.69999999999999,17.75,4.903817789432718,79.45236442113458,103.97145336829816,338902802,0.07,29.279999999998843,2.3584034854527594,5,0.12000000000000001,4.042977403633302,5
COP,20190628,45.0,P,44,397,62.32,100,10885,49.72,80.24,17.83,17.619999999999997,2.7933430957235457,56.73331380855291,70.70002928717064,365646712,0.02,36.83999999999651,0.45035040963383993,8,0.07,1.57622643371844,1
COP,20190621,45.0,P,37,397,62.32,100,10885,49.72,80.24,17.639999999999993,16.770000000000003,2.7933430957235457,56.73331380855291,70.70002928717064,319556110,0.01,33.30999999999767,0.2961532532232229,8,0.07,2.073072772562561,1
CVX,20190621,100.0,P,37,782,121.91,100,5684,100.22,133.88,25.86,20.540000000000006,5.6907471510292345,110.52850569794153,138.9822414530877,309402503,0.18,120.36999999999534,1.4751812541960159,4,0.22999999999999998,1.8849538248060205,1
CVX,20190614,100.0,P,30,782,121.91,100,5684,100.22,133.88,25.86,20.219999999999985,4.4130285840849295,113.08394283183014,135.1490857522548,364437463,0.14,114.94999999999708,1.4818036827606587,4,0.19,2.0110192837466077,1
CVX,20190607,100.0,P,23,782,121.91,100,5684,100.22,133.88,25.86,17.36,3.13064188728619,115.64871622542762,131.30192566185858,363488157,0.08,106.94999999999708,1.18706425188531,4,0.13,1.9289794093136288,1
DIS,20190621,97.5,P,37,853,133.54,100,6459,97.68,142.37,19.820000000000007,35.05000000000001,11.252878717799273,111.03424256440144,167.2986361533978,315081813,0.03,71.47999999999594,0.4140262254420296,3,0.08,1.104069934512079,3
DIS,20190621,95.0,P,37,853,133.54,100,6459,97.68,142.37,19.820000000000007,35.05000000000001,11.252878717799273,111.03424256440144,167.2986361533978,315081808,0.02,64.7899999999936,0.30451813134328876,3,0.07,1.065813459701511,3
DIS,20190621,92.5,P,37,853,133.54,100,6459,97.68,142.37,19.820000000000007,35.05000000000001,11.252878717799273,111.03424256440144,167.2986361533978,315081806,0.01,58.51999999998952,0.16857253699361982,3,0.07,1.1800077589553388,3
DOW,20190524,47.5,P,9,12,52.48,100,356576040,48.0,60.52,6.719999999999999,12.520000000000003,2.345779928099474,47.78844014380105,59.51733978429842,365376754,0.25,110.97000000000116,9.136603486427667,7,0.3,10.963924183713202,1
DOW,20190524,47.0,P,9,12,52.48,100,356576040,48.0,60.52,6.719999999999999,12.520000000000003,2.345779928099474,47.78844014380105,59.51733978429842,365376780,0.2,98.02999999999884,8.27411109977681,7,0.25,10.342638874721013,1
EMR,20190628,55.0,P,44,420,65.15,100,6842,55.38,79.7,18.080000000000005,13.910000000000004,4.356001988551324,56.43799602289736,78.21800596565399,365806992,0.25,83.94999999999709,2.470355731225382,7,0.3,2.9644268774704585,1
EMR,20190621,55.0,P,37,420,65.15,100,6842,55.38,79.7,15.800000000000004,13.199999999999996,4.356001988551324,56.43799602289736,78.21800596565399,338275237,0.25,84.05999999999767,2.9338760602144713,7,0.3,3.5206512722573655,1
EMR,20190621,52.5,P,37,420,65.15,100,6842,55.38,79.7,15.800000000000004,13.199999999999996,4.356001988551324,56.43799602289736,78.21800596565399,345656236,0.15,63.97000000000117,2.3131619973889364,7,0.2,3.084215996518582,1
F,20190621,7.0,P,37,65,10.25,100,9599491,7.41,13.48,3.34,2.16,0.6968265066295373,8.856346986740926,12.340479519888612,335094092,0.01,5.4099999999889405,1.8234500674464011,48,0.07,12.76415047212481,1
FB,20190621,120.0,P,37,1180,181.11,100,107113386,123.02,218.62,58.620000000000005,49.45,18.07834132588951,144.953317348221,235.34502397766855,315118838,0.06,69.47000000000115,0.8520107843556673,2,0.11,1.5620197713187234,2
FB,20190621,115.0,P,37,1180,181.11,100,107113386,123.02,218.62,58.620000000000005,49.45,18.07834132588951,144.953317348221,235.34502397766855,315118835,0.04,57.039999999993604,0.6917857548994369,2,0.09,1.556517948523733,2
FDX,20190531,150.0,P,16,1119,172.35,100,5100583,150.94,274.66,83.55000000000001,33.079999999999984,8.21862369336999,155.91275261326,197.00587108010996,360900125,0.47,223.84999999999127,4.789758767031681,2,0.52,5.299307572035051,1
FDX,20190524,150.0,P,9,1119,172.35,100,5100583,150.94,274.66,54.94999999999999,25.76000000000002,8.21862369336999,155.91275261326,197.00587108010996,359924968,0.22,199.9099999999889,4.4631195148930605,2,0.27,5.477464859186937,1
FDX,20190524,149.0,P,9,1119,172.35,100,5100583,150.94,274.66,54.94999999999999,25.76000000000002,8.21862369336999,155.91275261326,197.00587108010996,365646476,0.19,190.01999999998955,4.0551286999031575,2,0.24,5.122267831456619,1
GD,20190621,140.0,P,37,1091,169.46,100,7496,143.87,230.0,43.599999999999994,33.849999999999994,6.63180857685145,156.1963828462971,189.35542573055437,316654590,0.45,184.8000000000029,2.4021586521586142,2,0.5,2.669065169065127,1
GD,20190621,135.0,P,37,1091,169.46,100,7496,143.87,230.0,43.599999999999994,33.849999999999994,6.63180857685145,156.1963828462971,189.35542573055437,316654577,0.3,151.83000000000175,1.9491928205620925,2,0.35,2.2740582906557747,1
GD,20190614,140.0,P,30,1091,169.46,100,7496,143.87,230.0,43.599999999999994,33.849999999999994,4.619482474621315,160.22103505075737,183.31844742386394,365393909,0.25,179.1100000000006,1.6982115273667893,2,0.3,2.037853832840147,1
GM,20190621,30.0,P,37,237,37.13,100,80986742,30.56,45.52,9.060000000000002,9.719999999999999,2.0319616063847437,33.066076787230514,43.22588481915423,338325754,0.14,41.979999999995925,3.2898548858532997,13,0.19,4.4648030593723345,1
GM,20190621,29.0,P,37,237,37.13,100,80986742,30.56,45.52,9.060000000000002,9.719999999999999,2.0319616063847437,33.066076787230514,43.22588481915423,338325744,0.1,35.129999999990105,2.8081027227064173,13,0.15000000000000002,4.212154084059627,1
GM,20190621,28.0,P,37,237,37.13,100,80986742,30.56,45.52,9.060000000000002,9.719999999999999,2.0319616063847437,33.066076787230514,43.22588481915423,338325739,0.08,29.50999999999476,2.674311044355572,13,0.13,4.345755447077804,13
GOOG,20190628,970.0,P,44,16797,1122.19,100,208813720,970.11,1289.27,257.81000000000006,218.67000000000007,71.65764290107231,978.8747141978554,1337.162928703217,365650175,3.75,1430.1100000000006,2.175214112582566,1,3.8,2.204216967417,1
GOOG,20190621,970.0,P,37,16797,1122.19,100,208813720,970.11,1289.27,214.13,198.61000000000013,70.96048623874886,980.2690275225024,1335.0714587162465,278905673,3.0,1366.8099999999977,2.1652310558596035,1,3.05,2.20131824012393,1
GOOG,20190614,970.0,P,30,16797,1122.19,100,208813720,970.11,1289.27,214.13,194.33000000000015,58.5202644683399,1005.1494710633202,1297.7507934050197,364442768,2.4,1318.9899999999907,2.2138151161115855,1,2.4499999999999997,2.2599362643639105,1
GS,20190628,150.0,P,44,1267,196.60500000000002,100,4627828,151.7,275.31,82.36000000000001,51.59,14.128282094285947,168.34843581142812,238.98984628285785,365806231,0.39,155.40999999998894,2.081736871969309,2,0.44,2.3486262145294767,1
GS,20190621,150.0,P,37,1267,196.60500000000002,100,4627828,151.7,275.31,82.36000000000001,51.59,12.513703988713594,171.57759202257284,234.1461119661408,289985256,0.32,152.27999999999884,2.072994980796415,2,0.37,2.3969004465458554,1
GS,20190621,145.0,P,37,1267,196.60500000000002,100,4627828,151.7,275.31,82.36000000000001,51.59,12.513703988713594,171.57759202257284,234.1461119661408,289985255,0.24,128.58999999999648,1.841175493870155,2,0.29,2.2247537217597704,1
HD,20190621,155.0,P,37,1237,191.75,100,7930,158.09,215.43,44.52000000000001,34.53,11.478008067795972,168.79398386440806,226.18402420338793,315161096,0.38,180.92999999999302,2.0718778802016216,2,0.43,2.3444933907544665,1
HD,20190621,150.0,P,37,1237,191.75,100,7930,158.09,215.43,44.52000000000001,34.53,11.478008067795972,168.79398386440806,226.18402420338793,315161095,0.26,152.61999999999534,1.6805561950366552,2,0.31,2.0037400786975508,1
HON,20190621,120.0,P,37,1084,168.2,100,4350,123.48,174.34,28.11999999999999,30.269999999999996,12.876660083843149,142.4466798323137,206.82998025152943,340007629,0.04,82.36999999999534,0.47905134708585273,2,0.09,1.0778655309431686,2
IBM,20190628,105.0,P,44,854,133.65,100,8314,105.94,171.13,40.27000000000001,34.55000000000001,10.073154565507123,113.50369086898576,163.86946369652136,365653336,0.12,112.52999999999884,0.8846125881583184,3,0.16999999999999998,1.2532011665576177,1
IBM,20190621,105.0,P,37,854,133.65,100,8314,105.94,171.13,40.27000000000001,32.75999999999999,9.876886331395426,113.89622733720915,163.2806589941863,315917656,0.16,108.94999999999708,1.448718107736045,3,0.21000000000000002,1.901442516403559,1
IBM,20190621,100.0,P,37,854,133.65,100,8314,105.94,171.13,40.27000000000001,32.75999999999999,9.876886331395426,113.89622733720915,163.2806589941863,315917655,0.07,84.70999999999185,0.8151818445763276,3,0.12000000000000001,1.397454590702276,1
INTC,20190628,35.0,P,44,290,45.235,100,270639,42.04,59.59,14.89,11.740000000000002,4.763213259346743,35.708573481306516,59.524639778040225,365648206,0.12,39.91999999999826,2.4936236108581884,11,0.16999999999999998,3.532633448715767,1
INTC,20190621,35.0,P,37,290,45.235,100,270639,42.04,59.59,14.89,11.740000000000002,4.763213259346743,35.708573481306516,59.524639778040225,311998132,0.09,37.599999999991276,2.361270845313946,11,0.14,3.673087981599472,1
INTC,20190621,34.0,P,37,290,45.235,100,270639,42.04,59.59,14.89,11.740000000000002,4.763213259346743,35.708573481306516,59.524639778040225,335013771,0.07,32.879999999990105,2.1001841257322034,11,0.12000000000000001,3.600315644112349,1
JNJ,20190628,115.0,P,44,891,136.8,100,8719,118.62,148.99,27.99000000000001,18.79000000000002,5.936170210873412,124.92765957825318,154.60851063262024,365809437,0.28,148.83999999999648,1.5605531259925611,3,0.33,1.839223327062661,1
JNJ,20190621,115.0,P,37,891,136.8,100,8719,118.62,148.99,27.99000000000001,18.79000000000002,5.346359730993054,126.1072805380139,152.83907919297917,302441557,0.22,142.01999999998952,1.5281441136955574,3,0.27,1.8754495940809113,1
JNJ,20190621,110.0,P,37,891,136.8,100,8719,118.62,148.99,27.99000000000001,18.79000000000002,5.346359730993054,126.1072805380139,152.83907919297917,302441552,0.14,113.80000000000292,1.213603761934135,3,0.19,1.647033676910612,1
JPM,20190628,90.0,P,44,711,110.405,100,1520593,91.11,119.33,21.820000000000007,19.069999999999993,5.488677794653082,99.42764441069383,126.87103338395924,365809857,0.33,115.25999999999478,2.375065070276005,4,0.38,2.7349234142572185,1
JPM,20190628,85.0,P,44,711,110.405,100,1520593,91.11,119.33,21.820000000000007,19.069999999999993,5.488677794653082,99.42764441069383,126.87103338395924,365809843,0.19,86.19000000000233,1.828676602432209,4,0.24,2.309907287282791,4
JPM,20190621,90.0,P,37,711,110.405,100,1520593,91.11,119.33,21.820000000000007,19.069999999999993,5.488677794653082,99.42764441069383,126.87103338395924,289157898,0.23,110.36999999999534,2.0557388048554994,4,0.28,2.5026385450414774,1
KHC,20190524,30.0,P,9,207,32.27,100,199169586,31.53,82.48,16.839999999999996,6.749999999999993,0.38619215255909045,31.497615694881823,33.42857645767727,360599814,0.35,87.1299999999901,16.291110345972747,5,0.39999999999999997,18.618411823968856,1
KHC,20190524,29.5,P,9,207,32.27,100,199169586,31.53,82.48,16.839999999999996,6.749999999999993,0.38619215255909045,31.497615694881823,33.42857645767727,361298993,0.3,74.77999999999885,16.269947401266183,5,0.35,18.981605301477217,1
KHC,20190524,28.0,P,9,207,32.27,100,199169586,31.53,82.48,16.839999999999996,6.749999999999993,0.38619215255909045,31.497615694881823,33.42857645767727,361298986,0.2,50.419999999998254,16.08709066067313,5,0.25,20.108863325841412,1
KMI,20190628,14.5,P,44,127,20.0,100,83975037,14.62,20.44,4.899999999999999,4.910000000000002,1.5923182533106117,16.815363493378776,24.776954759931833,365412475,0.01,12.30000000000291,0.6744271988172831,25,0.07,4.720990391720982,25
KO,20190621,41.0,P,37,312,48.86,100,8894,41.45,50.84,6.43,6.590000000000003,1.458410667223393,45.94317866555321,53.23523200167018,335014755,0.07,52.979999999995925,1.3033985287666925,10,0.12000000000000001,2.234397477885759,10
KO,20190614,41.0,P,30,312,48.86,100,8894,41.45,50.84,6.43,6.590000000000003,1.458410667223393,45.94317866555321,53.23523200167018,365410217,0.07,45.11000000000058,1.887977536392498,10,0.12000000000000001,3.236532919529997,10
KO,20190607,41.0,P,23,312,48.86,100,8894,41.45,50.84,6.43,5.990000000000002,1.4361568883153035,45.987686223369394,53.16847066494591,362413143,0.05,45.259999999994754,1.753155680224607,10,0.1,3.506311360449214,10
LLY,20190621,72.5,P,37,743,114.67,100,9160,73.69,132.13,18.47999999999999,21.67,5.8422003484068075,102.98559930318639,132.19660104522043,315929990,0.02,35.16999999999825,0.5609817949880783,4,0.07,1.9634362824582745,4
LMT,20190628,240.0,P,44,2179,336.17,100,611191,241.17,363.0,93.6,70.58000000000001,21.33760881635996,293.4947823672801,400.1828264490799,365652681,0.3,189.55999999999767,1.3128488940896783,1,0.35,1.5316570431046246,1
LMT,20190621,240.0,P,37,2179,336.17,100,611191,241.17,363.0,73.06000000000003,66.16,21.33760881635996,293.4947823672801,400.1828264490799,315930560,0.2,182.00999999999482,1.0839915240772646,1,0.25,1.3549894050965807,1
LMT,20190621,230.0,P,37,2179,336.17,100,611191,241.17,363.0,73.06000000000003,66.16,21.33760881635996,293.4947823672801,400.1828264490799,315930557,0.15,150.83999999999648,0.9809929261003476,1,0.2,1.3079905681337969,1
MCD,20190621,145.0,P,37,1293,198.17000000000002,100,9408,146.84,200.36,31.859999999999985,29.060000000000002,7.4568880034536456,183.25622399309273,220.54066401036096,315934801,0.06,106.91999999999823,0.5535838869172294,2,0.11,1.0149037926815871,2
MCD,20190621,140.0,P,37,1293,198.17000000000002,100,9408,146.84,200.36,31.859999999999985,29.060000000000002,7.4568880034536456,183.25622399309273,220.54066401036096,315934799,0.04,93.02999999999884,0.42415843770246103,2,0.09,0.9543564848305374,2
MCD,20190621,135.0,P,37,1293,198.17000000000002,100,9408,146.84,200.36,31.859999999999985,29.060000000000002,7.4568880034536456,183.25622399309273,220.54066401036096,315934794,0.03,80.38999999999942,0.3681377608482997,2,0.08,0.9817006955954657,2
MDT,20190621,75.0,P,37,567,87.66,100,181387075,76.41,100.15,17.75,12.930000000000007,3.0975226191435357,81.46495476171293,96.95256785743061,316304790,0.38,116.80999999999769,3.2091847004954395,5,0.43,3.631445845297471,1
MDT,20190614,75.0,P,30,567,87.66,100,181387075,76.41,100.15,17.75,12.930000000000007,2.6471232655721577,82.36575346885569,95.60136979671647,365115683,0.31,111.76999999998951,3.374489278578349,5,0.36,3.9187617428651795,1
MDT,20190607,75.0,P,23,567,87.66,100,181387075,76.41,100.15,17.75,10.370000000000005,2.46557478418187,82.72885043163626,95.0567243525456,364160994,0.27,108.69999999999708,3.9418423263070537,5,0.32,4.671813127475026,1
MET,20190621,37.5,P,37,303,47.75,100,8093509,37.76,55.21,11.829999999999998,8.219999999999999,2.2621735281863264,43.225652943627345,54.53652058455898,338403174,0.12,45.44000000000233,2.6051579748761515,10,0.16999999999999998,3.690640464407881,1
MET,20190621,32.5,P,37,303,47.75,100,8093509,37.76,55.21,11.829999999999998,8.219999999999999,2.2621735281863264,43.225652943627345,54.53652058455898,338403147,0.06,24.33999999999651,2.43176619511905,10,0.11,4.458238024384925,10
MET,20190524,37.5,P,9,303,47.75,100,8093509,37.76,55.21,10.950000000000003,6.519999999999996,1.1204276079655295,45.509144784068944,51.11128282389659,359966910,0.04,35.110000000000575,4.6203993797271306,10,0.09,10.395898604386044,1
MMM,20190628,135.0,P,44,768,175.21,100,9720,172.79,259.77,51.66,41.589999999999975,17.629744147860098,139.95051170427982,228.09923244358032,365808990,0.21,131.6999999999971,1.3227376268378839,1,0.26,1.63767515703738,1
MMM,20190621,130.0,P,37,768,175.21,100,9720,172.79,259.77,51.66,41.589999999999975,17.629744147860098,139.95051170427982,228.09923244358032,315751693,0.11,109.73999999999069,0.9888237061556655,1,0.16,1.4382890271355133,1
MMM,20190621,125.0,P,37,768,175.21,100,9720,172.79,259.77,51.66,41.589999999999975,17.629744147860098,139.95051170427982,228.09923244358032,315751688,0.1,92.48999999999069,1.0665871840053907,1,0.15000000000000002,1.599880776008086,1
MO,20190607,40.0,P,23,334,51.965,100,9769,42.4,74.38,13.31000000000001,9.920000000000002,2.6401372941074484,46.68472541178511,59.885411882322344,365423390,0.09,43.38999999999942,3.291682114692871,9,0.14,5.120394400633355,1
MO,20190531,40.0,P,16,334,51.965,100,9769,42.4,74.38,13.140000000000008,8.009999999999998,1.8126246446777379,48.33975071064453,57.40287393403322,360782839,0.08,40.069999999992426,4.554529573247679,9,0.13,7.401110556527478,1
MO,20190524,40.0,P,9,334,51.965,100,9769,42.4,74.38,11.920000000000009,7.270000000000003,1.6758449608192338,48.613310078361536,56.992534882457704,360619095,0.04,35.979999999995925,4.508677660429144,9,0.09,10.144524735965572,9
MRK,20190621,52.5,P,37,501,77.6,100,70101545,52.83,83.85,11.61999999999999,14.090000000000003,3.1813021122026446,71.2373957755947,87.14390633660793,302455608,0.02,32.27999999999884,0.611206001540596,6,0.07,2.1392210053920864,6
MRK,20190621,50.0,P,37,501,77.6,100,70101545,52.83,83.85,11.61999999999999,14.090000000000003,3.1813021122026446,71.2373957755947,87.14390633660793,302455607,0.01,25.769999999989523,0.38280422448074797,6,0.07,2.679629571365236,6
MS,20190628,35.0,P,44,287,44.045,100,2841574,36.74,59.38,10.21,9.36,2.5729940439995516,38.8990119120009,51.76398213199866,365809929,0.15,41.95999999999185,2.965486610625413,11,0.2,3.953982147500551,1
MS,20190621,36.0,P,37,287,44.045,100,2841574,36.74,59.38,10.21,9.399999999999999,2.5729940439995516,38.8990119120009,51.76398213199866,335012317,0.15,47.259999999994754,3.1310404776341385,11,0.2,4.174720636845518,1
MS,20190621,35.0,P,37,287,44.045,100,2841574,36.74,59.38,10.21,9.399999999999999,2.5729940439995516,38.8990119120009,51.76398213199866,308662324,0.11,41.139999999999425,2.6376644023703215,11,0.16,3.836602767084104,1
MSFT,20190621,80.0,P,37,801,125.05,100,272093,80.7,131.37,19.460000000000008,22.570000000000007,9.040936534443688,106.96812693111262,152.17280960333107,308820177,0.02,41.72000000000117,0.4729081910289831,3,0.07,1.6551786686014411,3
MSFT,20190621,75.0,P,37,801,125.05,100,272093,80.7,131.37,19.460000000000008,22.570000000000007,9.040936534443688,106.96812693111262,152.17280960333107,308820175,0.01,30.679999999993008,0.32154057577793715,3,0.07,2.2507840304455606,3
NFLX,20190621,175.0,P,37,2244,346.0,100,15124833,178.38,423.21,136.8,133.77,38.29787374275044,269.40425251449915,460.89362122825133,292902140,0.07,58.19000000000233,1.1866996744122924,1,0.12000000000000001,2.0343422989925015,1
NFLX,20190621,170.0,P,37,2244,346.0,100,15124833,178.38,423.21,136.8,133.77,38.29787374275044,269.40425251449915,460.89362122825133,292902137,0.06,52.69999999999709,1.123134519719022,1,0.11,2.059079952818207,1
NVDA,20190524,124.0,P,9,1029,162.44,100,4815747,124.46,292.76,78.12,46.0,9.135024934588612,144.16995013082277,189.84507480376584,365651078,0.63,179.4499999999971,14.23794928949591,3,0.68,15.367945264852729,1
NVDA,20190524,123.0,P,9,1029,162.44,100,4815747,124.46,292.76,78.12,46.0,9.135024934588612,144.16995013082277,189.84507480376584,365651068,0.57,173.9899999999907,13.28620418798086,3,0.62,14.451660695698482,1
NVDA,20190524,122.0,P,9,1029,162.44,100,4815747,124.46,292.76,78.12,46.0,9.135024934588612,144.16995013082277,189.84507480376584,365651062,0.52,168.36999999999534,12.52532451677227,3,0.5700000000000001,13.729682643384992,1
OXY,20190628,45.0,P,44,352,54.5,100,10880,53.51,87.67,20.240000000000002,23.4,4.220949075982894,46.05810184803421,67.16284722794867,365651705,0.26,66.83000000000176,3.2273203378993345,9,0.31,3.847958864418437,1
OXY,20190621,45.0,P,37,352,54.5,100,10880,53.51,87.67,18.960000000000008,23.259999999999998,4.220949075982894,46.05810184803421,67.16284722794867,361819715,0.19,62.94999999999709,2.9774810553207485,9,0.24,3.7610287014577874,1
PEP,20190621,95.0,P,37,826,127.56,100,11017,95.94,128.51,17.200000000000003,17.47,6.520970811735004,114.51805837652999,147.12291243520502,315291554,0.05,74.75999999999476,0.6597689181959308,3,0.1,1.3195378363918615,3
PEP,20190621,92.5,P,37,826,127.56,100,11017,95.94,128.51,17.200000000000003,17.47,6.520970811735004,114.51805837652999,147.12291243520502,315754064,0.03,66.08999999999651,0.4477923225086421,3,0.08,1.1941128600230455,3
PFE,20190621,33.0,P,37,263,40.72,100,11031,33.2,46.47,7.0,6.770000000000003,1.2739511234124092,38.17209775317518,44.54185337023723,308820694,0.06,37.89999999999418,1.5617200313772635,12,0.11,2.863153390858316,12
PFE,20190621,32.0,P,37,263,40.72,100,11031,33.2,46.47,7.0,6.770000000000003,1.2739511234124092,38.17209775317518,44.54185337023723,335014985,0.05,32.65999999998894,1.5102365071751693,12,0.1,3.0204730143503387,12
PFE,20190621,31.0,P,37,263,40.72,100,11031,33.2,46.47,7.0,6.770000000000003,1.2739511234124092,38.17209775317518,44.54185337023723,335014974,0.03,27.989999999990694,1.057327423887261,12,0.08,2.819539797032696,12
PM,20190621,57.5,P,37,544,84.01,100,49588376,64.67,111.25,29.430000000000007,21.97,7.758429335890093,68.49314132821982,107.28528800767029,348052746,0.12,45.52999999999884,2.6000083105289127,5,0.16999999999999998,3.683345106582626,1
PM,20190621,55.0,P,37,544,84.01,100,49588376,64.67,111.25,29.430000000000007,21.97,7.758429335890093,68.49314132821982,107.28528800767029,316236092,0.11,38.39999999999418,2.8258727477481766,5,0.16,4.110360360360983,1
PM,20190621,50.0,P,37,544,84.01,100,49588376,64.67,111.25,29.430000000000007,21.97,7.758429335890093,68.49314132821982,107.28528800767029,316236089,0.09,28.5399999999936,3.110854372242596,5,0.14,4.839106801266261,5
PYPL,20190621,65.0,P,37,694,109.4,100,199169591,68.61,113.69,19.040000000000006,19.340000000000003,9.145214893389939,91.10957021322012,136.83564468016982,319562736,0.04,29.33999999999651,1.3449031853941429,4,0.09,3.0260321671368215,4
QCOM,20190621,48.0,P,37,562,86.21,100,273544,48.56,90.34,20.440000000000005,35.800000000000004,14.030338690710272,58.14932261857945,128.3010160721308,352537042,0.02,17.55999999999767,1.1235609185496778,5,0.07,3.932463214923873,5
QCOM,20190621,46.0,P,37,562,86.21,100,273544,48.56,90.34,20.440000000000005,35.800000000000004,14.030338690710272,58.14932261857945,128.3010160721308,352537022,0.01,13.979999999995925,0.7056412635813835,5,0.07,4.939488845069684,5
QCOM,20190621,45.0,P,37,562,86.21,100,273544,48.56,90.34,20.440000000000005,35.800000000000004,14.030338690710272,58.14932261857945,128.3010160721308,315311564,0.01,12.339999999996508,0.7994217880767956,5,0.07,5.59595251653757,5
RTN,20190621,140.0,P,37,1160,177.88,100,11758,144.27,229.75,45.889999999999986,41.03,10.741826091964045,156.3963478160719,210.10547827589212,361850192,0.26,142.9499999999971,1.7942391499579693,2,0.31,2.139285140334502,1
RTN,20190621,135.0,P,37,1160,177.88,100,11758,144.27,229.75,45.889999999999986,41.03,10.741826091964045,156.3963478160719,210.10547827589212,361850172,0.2,123.1299999999901,1.602349527307018,2,0.25,2.0029369091337728,1
RTN,20190524,140.0,P,9,1160,177.88,100,11758,144.27,229.75,32.81,27.189999999999998,3.0832356167688633,171.71352876646228,187.12970685030658,360380045,0.01,112.22999999999591,0.36136109378559245,2,0.07,2.529527656499147,2
SLB,20190614,33.0,P,30,248,38.900000000000006,100,12200,34.99,80.35,17.360000000000007,18.339999999999996,2.7458642078467568,33.40827158430649,47.13759262354027,365451901,0.3,63.20999999999186,5.774402784370306,12,0.35,6.736803248432023,1
SLB,20190607,33.0,P,23,248,38.900000000000006,100,12200,34.99,80.35,16.979999999999997,17.629999999999995,2.7458642078467568,33.40827158430649,47.13759262354027,365451827,0.23,60.15999999998894,6.067154255320264,12,0.28,7.386100832563801,1
SLB,20190524,33.0,P,9,248,38.900000000000006,100,12200,34.99,80.35,12.420000000000009,10.490000000000009,2.7458642078467568,33.40827158430649,47.13759262354027,365451652,0.07,45.539999999993604,6.233835943981748,12,0.12000000000000001,10.68657590396871,1
T,20190628,26.5,P,44,198,31.13,100,37018770,26.8,39.33,6.640000000000001,5.209999999999997,0.9831374413835186,29.16372511723296,34.07941232415055,365451211,0.07,38.25999999999476,1.5177256094665388,16,0.12000000000000001,2.6018153305140665,1
T,20190628,26.0,P,44,198,31.13,100,37018770,26.8,39.33,6.640000000000001,5.209999999999997,0.9831374413835186,29.16372511723296,34.07941232415055,365451235,0.06,33.729999999995925,1.475621917365351,16,0.11,2.705306848503143,1
T,20190621,26.0,P,37,198,31.13,100,37018770,26.8,39.33,6.200000000000003,5.209999999999997,0.9831374413835186,29.16372511723296,34.07941232415055,335017505,0.05,32.77999999999884,1.5047078805468599,16,0.1,3.0094157610937198,1
TGT,20190628,55.0,P,44,461,71.26,100,6437,56.82,90.39,27.78000000000001,19.800000000000004,6.062632536205227,59.13473492758955,89.44789760861568,365817761,0.12,55.08000000000175,1.807288571994397,7,0.16999999999999998,2.560325476992062,1
TGT,20190621,55.0,P,37,461,71.26,100,6437,56.82,90.39,27.78000000000001,19.800000000000004,5.48578885129456,60.28842229741089,87.71736655388369,360137248,0.11,55.25,1.9640454934572582,7,0.16,2.8567934450287393,1
TGT,20190621,50.0,P,37,461,71.26,100,6437,56.82,90.39,27.78000000000001,19.800000000000004,5.48578885129456,60.28842229741089,87.71736655388369,360137244,0.03,34.55999999999767,0.8563250750751328,7,0.08,2.2835335335336873,1
TXN,20190628,85.0,P,44,696,109.05,100,13096,87.7,120.75,28.169999999999987,26.03,8.146096882140762,92.75780623571848,133.48829064642229,365816212,0.25,96.66999999999823,2.145302199610711,4,0.3,2.5743626395328536,1
TXN,20190621,87.5,P,37,696,109.05,100,13096,87.7,120.75,23.83999999999999,26.03,8.146096882140762,92.75780623571848,133.48829064642229,339587267,0.33,112.30000000000292,2.8988471998266436,4,0.38,3.33806647252765,1
TXN,20190621,85.0,P,37,696,109.05,100,13096,87.7,120.75,23.83999999999999,26.03,8.146096882140762,92.75780623571848,133.48829064642229,316308705,0.23,96.70999999999184,2.346105799730235,4,0.28,2.8561287996715907,4
UNH,20190524,205.0,P,9,1557,236.56,100,13272,208.07,287.94,42.31,30.01000000000002,8.23626730016581,220.0874653996684,261.2688019004974,360137419,0.21,225.76999999998955,3.772275619731169,2,0.26,4.670436481571923,1
UNH,20190524,202.5,P,9,1557,236.56,100,13272,208.07,287.94,42.31,30.01000000000002,8.23626730016581,220.0874653996684,261.2688019004974,361318698,0.2,212.25999999999482,3.821309295727555,2,0.25,4.7766366196594445,1
UNH,20190524,200.0,P,9,1557,236.56,100,13272,208.07,287.94,42.31,30.01000000000002,8.23626730016581,220.0874653996684,261.2688019004974,360137412,0.18,198.81999999999243,3.6716628105825757,2,0.22999999999999998,4.691569146855514,1
UPS,20190524,89.0,P,9,645,100.23,100,6231002,89.92,135.53,26.930000000000007,14.77000000000001,5.564679618743504,89.100640762513,116.92403885623051,365658395,0.21,151.11999999999534,5.635697900123695,4,0.26,6.97753073348648,1
UPS,20190524,88.0,P,9,645,100.23,100,6231002,89.92,135.53,26.930000000000007,14.77000000000001,5.564679618743504,89.100640762513,116.92403885623051,365658385,0.18,136.97000000000116,5.329634226472905,4,0.22999999999999998,6.810088178270934,1
UPS,20190524,87.0,P,9,645,100.23,100,6231002,89.92,135.53,26.930000000000007,14.77000000000001,5.564679618743504,89.100640762513,116.92403885623051,365658383,0.16,125.80000000000292,5.158099275746214,4,0.21000000000000002,6.770005299416908,1
USB,20190628,40.0,P,44,330,51.05,100,11669769,43.14,58.5,12.21,9.049999999999997,2.4030424100271315,46.24391517994573,58.25912723008139,365816766,0.09,42.179999999993015,1.770011638432984,9,0.14,2.75335143756242,1
USB,20190621,42.5,P,37,330,51.05,100,11669769,43.14,58.5,12.21,8.86,2.182019814200095,46.685960371599805,57.59605944260028,319566511,0.12,55.739999999990694,2.1237599278507022,9,0.16999999999999998,3.008659897788495,1
USB,20190621,40.0,P,37,330,51.05,100,11669769,43.14,58.5,12.21,8.86,2.182019814200095,46.685960371599805,57.59605944260028,319566506,0.07,41.08000000000175,1.6809652885601538,9,0.12000000000000001,2.881654780388835,1
UTX,20190628,100.0,P,44,857,133.98,100,13364,100.48,144.4,31.92,29.159999999999982,10.578916055532352,112.82216788893528,165.71674816659703,365821216,0.25,89.22999999999594,2.3241775595245215,3,0.3,2.789013071429426,3
UTX,20190621,100.0,P,37,857,133.98,100,13364,100.48,144.4,31.92,28.659999999999982,10.578916055532352,112.82216788893528,165.71674816659703,302784216,0.3,99.22999999999591,2.982424125223805,3,0.35,3.4794948127611054,3
UTX,20190621,95.0,P,37,857,133.98,100,13364,100.48,144.4,31.92,28.659999999999982,10.578916055532352,112.82216788893528,165.71674816659703,303303274,0.22,78.27999999999885,2.7724454142441264,3,0.27,3.402546644754155,3
V,20190621,105.0,P,37,1022,160.69,100,49462172,106.6,165.74,24.120000000000005,24.120000000000005,10.955593497439546,138.7788130051209,193.55678049231864,315410169,0.1,65.63999999999942,1.5028739891628509,3,0.15000000000000002,2.2543109837442765,3
V,20190621,100.0,P,37,1022,160.69,100,49462172,106.6,165.74,24.120000000000005,24.120000000000005,10.955593497439546,138.7788130051209,193.55678049231864,315410166,0.08,52.55999999999767,1.501501501501568,3,0.13,2.439939939940048,3
WBA,20190524,51.0,P,9,338,52.75,100,178634687,51.96,86.31,18.629999999999995,8.459999999999994,0.7600288782326617,51.22994224353468,55.03008663469799,360027064,0.62,217.66999999999825,11.551635248056527,9,0.67,12.483218735803023,1
WBA,20190524,50.5,P,9,338,52.75,100,178634687,51.96,86.31,18.629999999999995,8.459999999999994,0.7600288782326617,51.22994224353468,55.03008663469799,360027029,0.47,193.0399999999936,9.874176912096841,9,0.52,10.92462126444757,1
WBA,20190524,50.0,P,9,338,52.75,100,178634687,51.96,86.31,18.629999999999995,8.459999999999994,0.7600288782326617,51.22994224353468,55.03008663469799,360027043,0.35,169.13999999999942,8.392127494646147,9,0.39999999999999997,9.591002851024168,1
WFC,20190524,43.0,P,9,177,46.575,100,10375,43.02,66.31,11.379999999999995,6.550000000000004,0.83240366876209,44.91019266247582,49.072211006286274,360028282,0.13,88.75,5.940532081377152,9,0.18,8.225352112676056,1
WFC,20190524,42.5,P,9,177,46.575,100,10375,43.02,66.31,11.379999999999995,6.550000000000004,0.83240366876209,44.91019266247582,49.072211006286274,360028253,0.1,77.45999999999185,5.2356771953988925,9,0.15000000000000002,7.853515793098341,1
WFC,20190524,42.0,P,9,177,46.575,100,10375,43.02,66.31,11.379999999999995,6.550000000000004,0.83240366876209,44.91019266247582,49.072211006286274,360028260,0.09,68.01999999998952,5.366068803293976,9,0.14,8.347218138457297,1
XOM,20190621,62.5,P,37,492,75.85,100,13977,64.65,89.3,19.099999999999994,13.829999999999998,4.486525915746763,66.87694816850647,89.30957774724028,346710804,0.08,70.47000000000115,1.1198938402003353,6,0.13,1.8198274903255447,1
XOM,20190621,60.0,P,37,492,75.85,100,13977,64.65,89.3,19.099999999999994,13.829999999999998,4.486525915746763,66.87694816850647,89.30957774724028,302277389,0.05,56.47000000000117,0.8734606751252577,6,0.1,1.7469213502505154,1
ABT,20190607,82.5,C,23,490,76.11500000000001,100,4065,54.32,80.74,9.480000000000004,9.939999999999998,2.0178734847720614,72.07925303045589,82.1686204543162,362331339,0.08,100.61999999999534,1.261742414421947,6,0.13,2.0503314234356638,1
ABT,20190607,83.0,C,23,490,76.11500000000001,100,4065,54.32,80.74,9.480000000000004,9.939999999999998,2.0178734847720614,72.07925303045589,82.1686204543162,362331372,0.06,91.80999999999769,1.0371135094690145,6,0.11,1.90137476735986,1
ABT,20190531,82.0,C,16,490,76.11500000000001,100,4065,54.32,80.74,9.480000000000004,8.420000000000002,1.8213022341870797,72.47239553162585,81.57890670256126,360529860,0.05,98.56999999999245,1.1571725677184614,6,0.1,2.314345135436923,1
AXP,20190607,130.0,C,23,753,117.23,100,4721,87.54,119.66,25.5,14.579999999999998,3.999429422653227,109.23114115469355,129.2282882679597,362815152,0.04,103.44000000000231,0.6136722821883585,4,0.09,1.3807626349238067,1
AXP,20190531,128.0,C,16,753,117.23,100,4721,87.54,119.66,25.5,14.579999999999998,3.4869961915289047,110.2560076169422,127.69098857458673,364088159,0.04,109.19999999999708,0.835622710622733,4,0.09,1.8801510989011492,1
CHTR,20190524,400.0,C,9,2397,374.15,100,233674866,250.1,396.64,72.78999999999999,64.57,8.38584832477904,357.3783033504419,399.3075449743371,364106199,0.15,455.17999999999296,1.3364676245295106,1,0.2,1.7819568327060145,1
CL,20190607,78.0,C,23,465,70.94,100,5749,57.41,77.91,11.329999999999998,8.120000000000005,2.1670866402091193,66.60582671958176,77.44125992062736,364096752,0.05,96.1299999999901,0.825422095984237,7,0.1,1.650844191968474,1
CL,20190607,78.5,C,23,465,70.94,100,5749,57.41,77.91,11.329999999999998,8.120000000000005,2.1670866402091193,66.60582671958176,77.44125992062736,364096747,0.04,87.5500000000029,0.7250515233530911,7,0.09,1.6313659275444548,1
CL,20190531,78.0,C,16,465,70.94,100,5749,57.41,77.91,10.86,8.120000000000005,2.118166617079106,66.70366676584179,77.29449985123732,364096648,0.02,84.76999999998952,0.538221068774397,7,0.07,1.88377374071039,1
CMCSA,20190524,46.0,C,9,274,43.14,100,267748,30.43,44.0,5.299999999999997,4.600000000000001,0.8930112741743327,41.35397745165133,45.819033822523,359910047,0.02,49.19999999999709,1.6485998193316242,11,0.07,5.770099367660685,1
CMCSA,20190524,46.5,C,9,274,43.14,100,267748,30.43,44.0,5.299999999999997,4.600000000000001,0.8930112741743327,41.35397745165133,45.819033822523,359910032,0.01,40.8799999999901,0.9920634920637323,11,0.07,6.944444444446128,1
COST,20190531,262.5,C,16,1572,243.14,100,272997,173.54,248.7,44.35000000000002,25.72999999999999,5.746215406078627,231.64756918784272,260.3786462182359,360553566,0.46,383.9199999999983,2.7333168368410203,2,0.51,3.030416493019392,1
COST,20190524,250.0,C,9,1572,243.14,100,272997,173.54,248.7,40.64999999999998,23.879999999999995,2.237811430840419,238.66437713831914,249.85343429252126,359903762,0.8,794.7599999999948,4.082294585087908,2,0.8500000000000001,4.337437996655903,1
COST,20190524,252.5,C,9,1572,243.14,100,272997,173.54,248.7,40.64999999999998,23.879999999999995,2.237811430840419,238.66437713831914,249.85343429252126,359903780,0.43,645.4799999999959,2.7016931413659595,2,0.48,3.0158435066410716,1
CSCO,20190524,58.0,C,9,333,52.12,100,268084,36.73,57.53,7.950000000000003,7.780000000000001,1.661620519252218,48.79675896149556,57.10486155775665,359905502,0.06,51.05999999999767,4.765635200418027,9,0.11,8.736997867433049,1
CSCO,20190524,58.5,C,9,333,52.12,100,268084,36.73,57.53,7.950000000000003,7.780000000000001,1.661620519252218,48.79675896149556,57.10486155775665,359905489,0.05,45.22000000000117,4.484249840286876,9,0.1,8.968499680573752,1
CSCO,20190524,59.0,C,9,333,52.12,100,268084,36.73,57.53,7.950000000000003,7.780000000000001,1.661620519252218,48.79675896149556,57.10486155775665,359905523,0.04,40.229999999995925,4.032369431325843,9,0.09,9.072831220483145,1
DOW,20190621,62.5,C,37,12,52.48,100,356576040,48.0,60.52,12.520000000000003,12.520000000000003,3.1124644750552997,46.255071049889395,61.817393425165896,359703197,0.05,4.320000000006985,11.417667667649207,7,0.1,22.835335335298414,1
FB,20190607,222.5,C,23,1180,181.11,100,107113386,123.02,218.62,52.06,43.120000000000005,10.586117601561474,159.93776479687708,212.86835280468443,364121651,0.03,67.51999999998952,0.7051050896353867,2,0.08,1.8802802390276978,1
HD,20190607,217.5,C,23,1237,191.75,100,7930,158.09,215.43,38.879999999999995,32.190000000000026,8.51630050230391,174.7173989953922,217.29890150691173,362391428,0.21,168.2399999999907,1.9808658438257003,2,0.26,2.4525005685461054,1
HON,20190531,190.0,C,16,1084,168.2,100,4350,123.48,174.34,28.029999999999987,17.14999999999999,6.694109960235349,154.81178007952929,188.28232988070604,360594254,0.02,97.64999999999418,0.46722990271380155,2,0.07,1.6353046594983056,2
HON,20190524,182.5,C,9,1084,168.2,100,4350,123.48,174.34,18.58499999999998,13.399999999999991,4.567121091204868,159.06575781759025,181.9013632736146,359948190,0.04,161.02999999999884,1.0074037273937988,2,0.09,2.2666583866360472,2
KMI,20190607,22.0,C,23,127,20.0,100,83975037,14.62,20.44,3.2699999999999996,3.49,0.5527148250217125,18.894570349956574,21.658144475065136,362406769,0.01,21.84999999999127,0.726295890956414,25,0.07,5.084071236694898,1
KMI,20190531,21.0,C,16,127,20.0,100,83975037,14.62,20.44,3.2699999999999996,3.369999999999999,0.2511633426504706,19.49767331469906,20.75349002795141,360600472,0.02,36.889999999999425,1.2367850365953026,25,0.07,4.328747628083559,1
LLY,20190614,135.0,C,30,743,114.67,100,9160,73.69,132.13,18.47999999999999,19.179999999999993,5.616201708495362,103.43759658300928,131.5186051254861,364446733,0.04,58.52999999999884,0.8314824306623549,4,0.09,1.8708354689902984,4
LLY,20190607,135.0,C,23,743,114.67,100,9160,73.69,132.13,18.47999999999999,18.209999999999994,5.616201708495362,103.43759658300928,131.5186051254861,364446704,0.02,55.36000000000058,0.5733224428248244,4,0.07,2.006628549886885,4
LOW,20190524,119.0,C,9,680,106.0,100,9199,81.16,118.23,15.939999999999998,14.460000000000008,3.8025349309146876,98.39493013817062,117.40760479274407,359965918,0.15,112.88999999999943,5.388726488912537,4,0.2,7.184968651883384,1
LOW,20190524,120.0,C,9,680,106.0,100,9199,81.16,118.23,15.939999999999998,14.460000000000008,3.8025349309146876,98.39493013817062,117.40760479274407,359965927,0.12,100.08999999999651,4.862290605122227,4,0.16999999999999998,6.888245023923154,1
LOW,20190524,122.0,C,9,680,106.0,100,9199,81.16,118.23,15.939999999999998,14.460000000000008,3.8025349309146876,98.39493013817062,117.40760479274407,359965942,0.09,80.50999999999476,4.533598310769143,4,0.14,7.052264038974225,4
MA,20190524,262.5,C,9,1568,246.24,100,38685693,140.61,257.43,34.07000000000002,32.50999999999999,4.665998570636272,236.90800285872746,260.2379957119088,359968502,0.07,280.6900000000023,1.011396518895887,2,0.12000000000000001,1.733822603821521,1
MA,20190524,265.0,C,9,1568,246.24,100,38685693,140.61,257.43,34.07000000000002,32.50999999999999,4.665998570636272,236.90800285872746,260.2379957119088,359968505,0.03,240.26999999998955,0.5063747728250383,2,0.08,1.3503327275334354,1
MA,20190524,267.5,C,9,1568,246.24,100,38685693,140.61,257.43,34.07000000000002,32.50999999999999,4.665998570636272,236.90800285872746,260.2379957119088,359968514,0.02,209.22999999999595,0.3876648239311412,2,0.07,1.3568268837589943,1
NFLX,20190621,480.0,C,37,2244,346.0,100,15124833,178.38,423.21,136.8,133.77,38.29787374275044,269.40425251449915,460.89362122825133,310395060,0.11,111.2899999999936,0.9750517882426072,1,0.16,1.4182571465347016,1
NKE,20190614,94.0,C,30,536,83.67,100,10291,59.24,90.0,15.39,15.469999999999999,3.3166581444148764,77.03668371117026,93.61997443324464,364175637,0.09,72.44000000000233,1.5115958034234744,5,0.14,2.351371249769849,1
NKE,20190607,91.0,C,23,536,83.67,100,10291,59.24,90.0,15.159999999999997,14.870000000000005,2.3287619908381187,79.01247601832377,90.65628597251435,362422122,0.09,103.17999999999302,1.3842419747677013,5,0.14,2.153265294083091,1
NKE,20190524,91.0,C,9,536,83.67,100,10291,59.24,90.0,11.949999999999989,9.849999999999994,2.3287619908381187,79.01247601832377,90.65628597251435,359986408,0.03,83.36000000000058,1.4595329494561637,5,0.08,3.892087865216437,1
PEP,20190524,135.0,C,9,826,127.56,100,11017,95.94,128.51,13.86,9.629999999999995,2.2289858797502857,123.10202824049944,134.24695763925087,359986185,0.02,202.9099999999889,0.39973934804157285,3,0.07,1.399087718145505,1
PG,20190524,109.0,C,9,689,105.6,100,11054,70.73,107.2,10.16000000000001,12.210000000000008,1.0054832093948713,103.58903358121024,108.61644962818461,359982892,0.28,386.0500000000029,2.941472751082883,4,0.33,3.4667357423476837,1
PG,20190524,110.0,C,9,689,105.6,100,11054,70.73,107.2,10.16000000000001,12.210000000000008,1.0054832093948713,103.58903358121024,108.61644962818461,359982903,0.16,317.7699999999895,2.042008021175411,4,0.21000000000000002,2.6801355277927272,1
PG,20190524,111.0,C,9,689,105.6,100,11054,70.73,107.2,10.16000000000001,12.210000000000008,1.0054832093948713,103.58903358121024,108.61644962818461,359982904,0.09,256.16999999999825,1.4248350704610317,4,0.14,2.21641010960605,1
PYPL,20190524,116.0,C,9,694,109.4,100,199169591,68.61,113.69,14.689999999999998,13.370000000000005,1.917291113164625,105.56541777367076,115.15187333949387,359996169,0.08,144.9499999999971,2.23831972710901,4,0.13,3.637269556552141,1
PYPL,20190524,117.0,C,9,694,109.4,100,199169591,68.61,113.69,14.689999999999998,13.370000000000005,1.917291113164625,105.56541777367076,115.15187333949387,359996178,0.05,125.30000000000292,1.6183382105169437,4,0.1,3.2366764210338874,1
SBUX,20190524,81.0,C,9,498,77.12,100,274105,47.37,78.8,10.130000000000003,11.290000000000006,1.0681877015330326,74.98362459693394,80.32456310459911,359991693,0.07,156.11000000000058,1.8185182812688991,6,0.12000000000000001,3.1174599107466845,1
SBUX,20190524,82.0,C,9,498,77.12,100,274105,47.37,78.8,10.130000000000003,11.290000000000006,1.0681877015330326,74.98362459693394,80.32456310459911,360642262,0.04,116.34999999999128,1.3942606121378116,6,0.09,3.137086377310076,1
SBUX,20190524,83.0,C,9,498,77.12,100,274105,47.37,78.8,10.130000000000003,11.290000000000006,1.0681877015330326,74.98362459693394,80.32456310459911,362456342,0.03,89.73999999999069,1.3557685164550846,6,0.08,3.6153827105468923,1
UNP,20190607,192.5,C,23,1116,174.49,100,13284,118.13,180.02,31.549999999999983,33.91999999999999,5.66221709558194,163.16556580883613,191.47665128674583,362469774,0.09,156.14999999999418,0.9146723468237404,2,0.14,1.4228236506147074,1
UNP,20190531,192.5,C,16,1116,174.49,100,13284,118.13,180.02,31.549999999999983,29.830000000000013,5.66221709558194,163.16556580883613,191.47665128674583,360664825,0.04,136.0,0.6709558823529411,2,0.09,1.5096507352941178,1
UNP,20190524,187.5,C,9,1116,174.49,100,13284,118.13,180.02,22.809999999999974,23.97,4.129004536646693,166.23199092670663,186.8770136099401,360026926,0.05,187.70999999999182,1.0802715773149358,2,0.1,2.1605431546298717,1
V,20190524,167.5,C,9,1022,160.69,100,49462172,106.6,165.74,19.30000000000001,16.180000000000007,1.8857359306117036,156.9185281387766,166.3472077918351,360021467,0.1,249.83000000000172,1.6233260839593033,3,0.15000000000000002,2.434989125938955,1
VZ,20190628,62.0,C,44,368,56.64,100,4901,46.08,61.58,9.18,9.18,1.7677283049156667,53.104543390168665,61.943184914747,365481675,0.13,89.7899999999936,1.201034737620189,8,0.18,1.6629711751664156,1
VZ,20190614,62.0,C,30,368,56.64,100,4901,46.08,61.58,9.18,8.759999999999998,1.7677283049156667,53.104543390168665,61.943184914747,364214432,0.07,77.83000000000176,1.0942652790269143,8,0.12000000000000001,1.8758833354747106,1
VZ,20190531,62.0,C,16,368,56.64,100,4901,46.08,61.58,7.43,6.289999999999999,1.276207630727668,54.08758473854466,60.46862289218301,360666971,0.03,64.89999999999418,1.0545069337443165,8,0.08,2.812018489984844,1
WMT,20190531,110.0,C,16,649,100.69,100,13824,81.78,109.98,18.13000000000001,12.89,2.102757068705911,96.48448586258817,106.99827120611774,360676081,0.16,135.17999999999302,2.700103565616355,4,0.21000000000000002,3.5438859298714664,1
WMT,20190524,110.0,C,9,649,100.69,100,13824,81.78,109.98,17.230000000000004,11.559999999999988,1.4512694410059805,97.78746111798803,105.04380832301794,360258219,0.11,125.17999999999302,3.563757078695766,4,0.16,5.183646659921114,1
WMT,20190524,111.0,C,9,649,100.69,100,13824,81.78,109.98,17.230000000000004,11.559999999999988,1.4512694410059805,97.78746111798803,105.04380832301794,360675878,0.08,107.72000000000116,3.0119239179766146,4,0.13,4.894376366711999,1
XOM,20190621,90.0,C,37,492,75.85,100,13977,64.65,89.3,19.099999999999994,13.829999999999998,4.486525915746763,66.87694816850647,89.30957774724028,302277357,0.03,40.05999999999767,0.7387567297702525,6,0.08,1.9700179460540068,6
